"OTUID","Kingdom","Phylum","Class","Order","Family","Genus","Species"
"ASV_1","Fungi","Ascomycota","Sordariomycetes","Sordariomycetes_X","Sordariomycetes_X_X","Sordariomycetes_X_X_X","Sordariomycetes_X_X_X_X"
"ASV_2","Fungi","Ascomycota","Sordariomycetes","Sordariomycetes_X","Sordariomycetes_X_X","Sordariomycetes_X_X_X","Sordariomycetes_X_X_X_X"
"ASV_3","Fungi","Ascomycota","Sordariomycetes","Incertae_Sedis","Plectosphaerellaceae","Plectosphaerellaceae_X","Plectosphaerella_cucumerina"
"ASV_5","Fungi","Ascomycota","Sordariomycetes","Sordariomycetes_X","Sordariomycetes_X_X","Sordariomycetes_X_X_X","Sordariomycetes_X_X_X_X"
"ASV_4","Fungi","Ascomycota","Sordariomycetes","Microascales","Microascales_X","Microascales_X_X","Microascales_X_X_X"
"ASV_6","Fungi","Ascomycota","Sordariomycetes","Microascales","Microascales_X","Microascales_X_X","uncultured_fungus"
"ASV_20","Fungi","Ascomycota","Sordariomycetes","Hypocreales","Hypocreales_X","Hypocreales_X_X","Hypocreales_X_X_X"
"ASV_7","Fungi","Ascomycota","Sordariomycetes","Sordariomycetes_X","Sordariomycetes_X_X","Sordariomycetes_X_X_X","Sordariomycetes_X_X_X_X"
"ASV_9","Fungi","Ascomycota","Sordariomycetes","Hypocreales","Hypocreales_X","Hypocreales_X_X","Hypocreales_X_X_X"
"ASV_10","Fungi","Ascomycota","Sordariomycetes","Hypocreales","Hypocreales_X","Hypocreales_X_X","Hypocreales_X_X_X"
"ASV_8","Fungi","Basidiomycota","Agaricomycetes","Agaricomycetes_X","Agaricomycetes_X_X","Agaricomycetes_X_X_X","Agaricomycetes_X_X_X_X"
"ASV_15","Fungi","Ascomycota","Sordariomycetes","Sordariomycetes_X","Sordariomycetes_X_X","Sordariomycetes_X_X_X","Sordariomycetes_X_X_X_X"
"ASV_19","Fungi","Ascomycota","Sordariomycetes","Incertae_Sedis","Incertae_Sedis_X","Incertae_Sedis_X_X","Incertae_Sedis_X_X_X"
"ASV_12","Fungi","Ascomycota","Eurotiomycetes","Eurotiales","Eurotiales_X","Eurotiales_X_X","Eurotiales_X_X_X"
"ASV_21","Fungi","Ascomycota","Sordariomycetes","Microascales","Microascales_X","Microascales_X_X","Microascales_X_X_X"
"ASV_11","Fungi","Ascomycota","Sordariomycetes","Incertae_Sedis","Plectosphaerellaceae","Plectosphaerellaceae_X","Plectosphaerellaceae_X_X"
"ASV_28","Fungi","Ascomycota","Sordariomycetes","Sordariales","Sordariales_X","Sordariales_X_X","Sordariales_X_X_X"
"ASV_14","Fungi","Ascomycota","Sordariomycetes","Sordariomycetes_X","Sordariomycetes_X_X","Sordariomycetes_X_X_X","Sordariomycetes_X_X_X_X"
"ASV_18","Fungi","Basidiomycota","Tremellomycetes","Tremellales","Tremellales_X","Tremellales_X_X","Tremellales_X_X_X"
"ASV_16","Fungi","Ascomycota","Sordariomycetes","Microascales","Microascaceae","Petriella","Petriella_setifera"
"ASV_17","Fungi","Ascomycota","Sordariomycetes","Incertae_Sedis","Plectosphaerellaceae","Plectosphaerellaceae_X","Plectosphaerella_cucumerina"
"ASV_29","Fungi","Ascomycota","Ascomycota_X","Ascomycota_X_X","Ascomycota_X_X_X","Ascomycota_X_X_X_X","Ascomycota_X_X_X_X_X"
"ASV_22","Fungi","Ascomycota","Sordariomycetes","Hypocreales","Hypocreales_X","Hypocreales_X_X","Hypocreales_X_X_X"
"ASV_27","Fungi","Ascomycota","Dothideomycetes","Capnodiales","Capnodiales_X","Capnodiales_X_X","Capnodiales_X_X_X"
"ASV_42","Fungi","Ascomycota","Sordariomycetes","Sordariomycetes_X","Sordariomycetes_X_X","Sordariomycetes_X_X_X","Sordariomycetes_X_X_X_X"
"ASV_38","Fungi","Ascomycota","Sordariomycetes","Microascales","Microascales_X","Microascales_X_X","uncultured_fungus"
"ASV_31","Fungi","Basidiomycota","Agaricomycetes","Agaricomycetes_X","Agaricomycetes_X_X","Agaricomycetes_X_X_X","Agaricomycetes_X_X_X_X"
"ASV_26","Fungi","Incertae_Sedis","Incertae_Sedis_X","Zoopagales","Zoopagales_X","Zoopagales_X_X","Zoopagales_X_X_X"
"ASV_34","Fungi","Ascomycota","Sordariomycetes","Incertae_Sedis","Incertae_Sedis_X","Incertae_Sedis_X_X","Arthrinium_sp._F2"
"ASV_285","Fungi","Ascomycota","Sordariomycetes","Sordariomycetes_X","Sordariomycetes_X_X","Sordariomycetes_X_X_X","Sordariomycetes_X_X_X_X"
"ASV_149","Fungi","Ascomycota","Sordariomycetes","Sordariomycetes_X","Sordariomycetes_X_X","Sordariomycetes_X_X_X","Sordariomycetes_X_X_X_X"
"ASV_35","Fungi","Ascomycota","Sordariomycetes","Sordariomycetes_X","Sordariomycetes_X_X","Sordariomycetes_X_X_X","Sordariomycetes_X_X_X_X"
"ASV_71","Fungi","Ascomycota","Sordariomycetes","Sordariomycetes_X","Sordariomycetes_X_X","Sordariomycetes_X_X_X","Sordariomycetes_X_X_X_X"
"ASV_39","Fungi","Chytridiomycota","Chytridiomycetes","Chytridiomycetes_X","Chytridiomycetes_X_X","Chytridiomycetes_X_X_X","Chytridiomycetes_X_X_X_X"
"ASV_32","Fungi","Ascomycota","Pezizomycetes","Pezizales","Ascobolaceae","uncultured","uncultured_eukaryote"
"ASV_76","Fungi","Ascomycota","Sordariomycetes","Sordariales","Sordariales_X","Sordariales_X_X","Sordariales_X_X_X"
"ASV_25","Fungi","Ascomycota","Eurotiomycetes","Eurotiales","Eurotiales_X","Eurotiales_X_X","Eurotiales_X_X_X"
"ASV_303","Fungi","Ascomycota","Sordariomycetes","Sordariales","Sordariales_X","Sordariales_X_X","Sordariales_X_X_X"
"ASV_30","Fungi","Incertae_Sedis","Incertae_Sedis","Mucorales","Cunninghamellaceae","Cunninghamella","Cunninghamella_X"
"ASV_64","Fungi","Ascomycota","Ascomycota_X","Ascomycota_X_X","Ascomycota_X_X_X","Ascomycota_X_X_X_X","Ascomycota_X_X_X_X_X"
"ASV_554","Fungi","Ascomycota","Sordariomycetes","Sordariales","Sordariales_X","Sordariales_X_X","Sordariales_X_X_X"
"ASV_36","Fungi","Ascomycota","Eurotiomycetes","Eurotiales","Eurotiales_X","Eurotiales_X_X","fungal_sp."
"ASV_33","Fungi","Ascomycota","Sordariomycetes","Sordariomycetes_X","Sordariomycetes_X_X","Sordariomycetes_X_X_X","Sordariomycetes_X_X_X_X"
"ASV_40","Fungi","Incertae_Sedis","Incertae_Sedis","Mortierellales","Mortierellales_X","Mortierellales_X_X","Mortierella_sp._ljw2"
"ASV_45","Fungi","Basidiomycota","Agaricomycetes","Agaricales","Agaricaceae","Agaricus","Agaricus_bisporus_var._burnettii_JB137-S8"
"ASV_53","Fungi","Ascomycota","Sordariomycetes","Hypocreales","Hypocreales_X","Hypocreales_X_X","Hypocreales_X_X_X"
"ASV_106","Fungi","Ascomycota","Eurotiomycetes","Eurotiales","Eurotiales_X","Eurotiales_X_X","Eurotiales_X_X_X"
"ASV_43","Fungi","Ascomycota","Eurotiomycetes","Eurotiales","Eurotiales_X","Eurotiales_X_X","uncultured_eukaryote"
"ASV_93","Fungi","Ascomycota","Sordariomycetes","Sordariales","Sordariales_X","Sordariales_X_X","Sordariales_X_X_X"
"ASV_41","Fungi","Ascomycota","Eurotiomycetes","Eurotiales","Eurotiales_X","Eurotiales_X_X","Eurotiales_X_X_X"
"ASV_350","Fungi","Ascomycota","Sordariomycetes","Sordariales","Sordariales_X","Sordariales_X_X","Sordariales_X_X_X"
"ASV_44","Fungi","Basidiomycota","Agaricomycetes","Agaricomycetes_X","Agaricomycetes_X_X","Agaricomycetes_X_X_X","Agaricomycetes_X_X_X_X"
"ASV_78","Fungi","Ascomycota","Ascomycota_X","Ascomycota_X_X","Ascomycota_X_X_X","Ascomycota_X_X_X_X","Ascomycota_X_X_X_X_X"
"ASV_72","Fungi","Ascomycota","Sordariomycetes","Incertae_Sedis","Apiosporaceae","Arthrinium","Arthrinium_X"
"ASV_950","Fungi","Ascomycota","Sordariomycetes","Sordariales","Sordariales_X","Sordariales_X_X","Sordariales_X_X_X"
"ASV_85","Fungi","Ascomycota","Ascomycota_X","Ascomycota_X_X","Ascomycota_X_X_X","Ascomycota_X_X_X_X","Ascomycota_X_X_X_X_X"
"ASV_48","Fungi","Ascomycota","Sordariomycetes","Sordariales","Coniochaetaceae","Coniochaeta","fungal_sp."
"ASV_148","Fungi","Ascomycota","Sordariomycetes","Sordariomycetes_X","Sordariomycetes_X_X","Sordariomycetes_X_X_X","Sordariomycetes_X_X_X_X"
"ASV_46","Fungi","Fungi_X","Fungi_X_X","Fungi_X_X_X","Fungi_X_X_X_X","Fungi_X_X_X_X_X","Fungi_X_X_X_X_X_X"
"ASV_94","Fungi","Ascomycota","Sordariomycetes","Sordariomycetes_X","Sordariomycetes_X_X","Sordariomycetes_X_X_X","Sordariomycetes_X_X_X_X"
"ASV_170","Fungi","Ascomycota","Ascomycota_X","Ascomycota_X_X","Ascomycota_X_X_X","Ascomycota_X_X_X_X","Ascomycota_X_X_X_X_X"
"ASV_49","Fungi","Basidiomycota","Agaricomycetes","Agaricomycetes_X","Agaricomycetes_X_X","Agaricomycetes_X_X_X","Agaricomycetes_X_X_X_X"
"ASV_52","Fungi","Ascomycota","Dothideomycetes","Capnodiales","Capnodiales_X","Capnodiales_X_X","Capnodiales_X_X_X"
"ASV_945","Fungi","Ascomycota","Ascomycota_X","Ascomycota_X_X","Ascomycota_X_X_X","Ascomycota_X_X_X_X","Ascomycota_X_X_X_X_X"
"ASV_385","Fungi","Ascomycota","Ascomycota_X","Ascomycota_X_X","Ascomycota_X_X_X","Ascomycota_X_X_X_X","Ascomycota_X_X_X_X_X"
"ASV_47","Fungi","Ascomycota","Dothideomycetes","Pleosporales","Pleosporales_X","Pleosporales_X_X","Pyrenochaeta_sp._UM_256"
"ASV_65","Fungi","Ascomycota","Sordariomycetes","Microascales","Microascaceae","Microascaceae_X","Microascaceae_X_X"
"ASV_51","Fungi","Incertae_Sedis","Incertae_Sedis","Mortierellales","Mortierellales_X","Mortierellales_X_X","Mortierellales_X_X_X"
"ASV_50","Fungi","Ascomycota","Ascomycota_X","Ascomycota_X_X","Ascomycota_X_X_X","Ascomycota_X_X_X_X","Ascomycota_X_X_X_X_X"
"ASV_80","Fungi","Ascomycota","Sordariomycetes","Sordariomycetes_X","Sordariomycetes_X_X","Sordariomycetes_X_X_X","Sordariomycetes_X_X_X_X"
"ASV_128","Fungi","Ascomycota","Sordariomycetes","Sordariales","Sordariales_X","Sordariales_X_X","Sordariales_X_X_X"
"ASV_54","Fungi","Chytridiomycota","Chytridiomycetes","Chytridiales","Chytridiales_X","Chytridiales_X_X","uncultured_rhizosphere_chytridiomycete"
"ASV_104","Fungi","Ascomycota","Sordariomycetes","Sordariomycetes_X","Sordariomycetes_X_X","Sordariomycetes_X_X_X","Sordariomycetes_X_X_X_X"
"ASV_55","Fungi","Ascomycota","Pezizomycetes","Pezizales","Pezizales_X","Pezizales_X_X","Pezizales_X_X_X"
"ASV_783","Fungi","Ascomycota","Sordariomycetes","Hypocreales","Hypocreales_X","Hypocreales_X_X","Hypocreales_X_X_X"
"ASV_59","Fungi","Basidiomycota","Agaricomycetes","Agaricales","Agaricales_X","Agaricales_X_X","Agaricales_X_X_X"
"ASV_81","Fungi","Ascomycota","Sordariomycetes","Microascales","Microascales_X","Microascales_X_X","Microascales_X_X_X"
"ASV_133","Fungi","Ascomycota","Sordariomycetes","Sordariomycetes_X","Sordariomycetes_X_X","Sordariomycetes_X_X_X","Sordariomycetes_X_X_X_X"
"ASV_63","Fungi","Ascomycota","Dothideomycetes","Pleosporales","Pleosporales_X","Pleosporales_X_X","Capronia_pilosella"
"ASV_166","Fungi","Ascomycota","Sordariomycetes","Microascales","Microascales_X","Microascales_X_X","Microascales_X_X_X"
"ASV_60","Fungi","Ascomycota","Sordariomycetes","Hypocreales","Hypocreales_X","Hypocreales_X_X","Hypocreales_X_X_X"
"ASV_105","Fungi","Ascomycota","Ascomycota_X","Ascomycota_X_X","Ascomycota_X_X_X","Ascomycota_X_X_X_X","Ascomycota_X_X_X_X_X"
"ASV_61","Fungi","Incertae_Sedis","Incertae_Sedis_X","Zoopagales","Zoopagales_X","Zoopagales_X_X","Zoopagales_X_X_X"
"ASV_194","Fungi","Fungi_X","Fungi_X_X","Fungi_X_X_X","Fungi_X_X_X_X","Fungi_X_X_X_X_X","Fungi_X_X_X_X_X_X"
"ASV_56","Fungi","Ascomycota","Eurotiomycetes","Eurotiales","Eurotiales_X","Eurotiales_X_X","Eurotiales_X_X_X"
"ASV_431","Fungi","Ascomycota","Sordariomycetes","Incertae_Sedis","Plectosphaerellaceae","Plectosphaerellaceae_X","Plectosphaerella_cucumerina"
"ASV_62","Fungi","Ascomycota","Sordariomycetes","Sordariales","Sordariales_X","Sordariales_X_X","uncultured_rhizosphere_ascomycete"
"ASV_68","Fungi","Ascomycota","Eurotiomycetes","Eurotiales","Eurotiales_X","Eurotiales_X_X","Eurotiales_X_X_X"
"ASV_113","Fungi","Ascomycota","Sordariomycetes","Sordariales","Sordariales_X","Sordariales_X_X","Sordariales_X_X_X"
"ASV_73","Fungi","Ascomycota","Sordariomycetes","Hypocreales","Hypocreales_X","Hypocreales_X_X","Geosmithia_putterillii"
"ASV_187","Fungi","Ascomycota","Sordariomycetes","Sordariales","Sordariales_X","Sordariales_X_X","Sordariales_X_X_X"
"ASV_796","Fungi","Ascomycota","Sordariomycetes","Sordariomycetes_X","Sordariomycetes_X_X","Sordariomycetes_X_X_X","Sordariomycetes_X_X_X_X"
"ASV_69","Fungi","Ascomycota","Eurotiomycetes","Eurotiomycetes_X","Eurotiomycetes_X_X","Eurotiomycetes_X_X_X","Eurotiomycetes_X_X_X_X"
"ASV_57","Fungi","Ascomycota","Sordariomycetes","Incertae_Sedis","Plectosphaerellaceae","Plectosphaerellaceae_X","Plectosphaerella_cucumerina"
"ASV_66","Fungi","Ascomycota","Eurotiomycetes","Eurotiales","Eurotiales_X","Eurotiales_X_X","Eurotiales_X_X_X"
"ASV_737","Fungi","Ascomycota","Sordariomycetes","Sordariomycetes_X","Sordariomycetes_X_X","Sordariomycetes_X_X_X","Sordariomycetes_X_X_X_X"
"ASV_162","Fungi","Ascomycota","Ascomycota_X","Ascomycota_X_X","Ascomycota_X_X_X","Ascomycota_X_X_X_X","Ascomycota_X_X_X_X_X"
"ASV_167","Fungi","Ascomycota","Sordariomycetes","Sordariales","Sordariales_X","Sordariales_X_X","Sordariales_X_X_X"
"ASV_240","Fungi","Ascomycota","Ascomycota_X","Ascomycota_X_X","Ascomycota_X_X_X","Ascomycota_X_X_X_X","Ascomycota_X_X_X_X_X"
"ASV_67","Fungi","Ascomycota","Eurotiomycetes","Chaetothyriales","Chaetothyriales_X","Chaetothyriales_X_X","Chaetothyriales_X_X_X"
"ASV_923","Fungi","Ascomycota","Sordariomycetes","Microascales","Microascales_X","Microascales_X_X","Microascales_X_X_X"
"ASV_92","Fungi","Ascomycota","Sordariomycetes","Hypocreales","Nectriaceae","Fusarium","Fusarium_oxysporum"
"ASV_58","Fungi","Ascomycota","Sordariomycetes","Sordariomycetes_X","Sordariomycetes_X_X","Sordariomycetes_X_X_X","Sordariomycetes_X_X_X_X"
"ASV_291","Fungi","Ascomycota","Sordariomycetes","Sordariomycetes_X","Sordariomycetes_X_X","Sordariomycetes_X_X_X","Sordariomycetes_X_X_X_X"
"ASV_776","Fungi","Ascomycota","Sordariomycetes","Microascales","Microascales_X","Microascales_X_X","Microascales_X_X_X"
"ASV_174","Fungi","Ascomycota","Sordariomycetes","Sordariomycetes_X","Sordariomycetes_X_X","Sordariomycetes_X_X_X","Sordariomycetes_X_X_X_X"
"ASV_70","Fungi","Ascomycota","Sordariomycetes","Hypocreales","Hypocreales_X","Hypocreales_X_X","Hypocreales_X_X_X"
"ASV_897","Fungi","Ascomycota","Sordariomycetes","Sordariales","Sordariales_X","Sordariales_X_X","Sordariales_X_X_X"
"ASV_178","Fungi","Ascomycota","Sordariomycetes","Sordariomycetes_X","Sordariomycetes_X_X","Sordariomycetes_X_X_X","Sordariomycetes_X_X_X_X"
"ASV_88","Fungi","Ascomycota","Sordariomycetes","Sordariomycetes_X","Sordariomycetes_X_X","Sordariomycetes_X_X_X","Sordariomycetes_X_X_X_X"
"ASV_793","Fungi","Ascomycota","Sordariomycetes","Sordariales","Sordariales_X","Sordariales_X_X","Sordariales_X_X_X"
"ASV_87","Fungi","Basidiomycota","Agaricomycetes","Trechisporales","Hydnodontaceae","Trechispora","Trechispora_alnicola"
"ASV_422","Fungi","Ascomycota","Sordariomycetes","Sordariomycetes_X","Sordariomycetes_X_X","Sordariomycetes_X_X_X","Sordariomycetes_X_X_X_X"
"ASV_842","Fungi","Fungi_X","Fungi_X_X","Fungi_X_X_X","Fungi_X_X_X_X","Fungi_X_X_X_X_X","Fungi_X_X_X_X_X_X"
"ASV_77","Fungi","Ascomycota","Pezizomycetes","Pezizales","Pezizales_X","Pezizales_X_X","Pezizales_X_X_X"
"ASV_98","Fungi","Ascomycota","Eurotiomycetes","Eurotiales","Eurotiales_X","Eurotiales_X_X","Eurotiales_X_X_X"
"ASV_84","Fungi","Ascomycota","Eurotiomycetes","Onygenales","Gymnoascaceae","Arachniotus","Gymnascella_littoralis"
"ASV_137","Fungi","Ascomycota","Ascomycota_X","Ascomycota_X_X","Ascomycota_X_X_X","Ascomycota_X_X_X_X","Ascomycota_X_X_X_X_X"
"ASV_74","Fungi","Ascomycota","Eurotiomycetes","Eurotiales","Eurotiales_X","Eurotiales_X_X","Eurotiales_X_X_X"
"ASV_120","Fungi","Ascomycota","Ascomycota_X","Ascomycota_X_X","Ascomycota_X_X_X","Ascomycota_X_X_X_X","Ascomycota_X_X_X_X_X"
"ASV_144","Fungi","Ascomycota","Sordariomycetes","Sordariomycetes_X","Sordariomycetes_X_X","Sordariomycetes_X_X_X","Sordariomycetes_X_X_X_X"
"ASV_207","Fungi","Ascomycota","Eurotiomycetes","Eurotiales","Eurotiales_X","Eurotiales_X_X","Eurotiales_X_X_X"
"ASV_156","Fungi","Ascomycota","Sordariomycetes","Sordariales","Sordariales_X","Sordariales_X_X","Sordariales_X_X_X"
"ASV_97","Fungi","Basidiomycota","Agaricomycetes","Trechisporales","Hydnodontaceae","Hydnodontaceae_X","uncultured_soil_fungus"
"ASV_436","Fungi","Ascomycota","Sordariomycetes","Sordariomycetes_X","Sordariomycetes_X_X","Sordariomycetes_X_X_X","Sordariomycetes_X_X_X_X"
"ASV_596","Fungi","Ascomycota","Ascomycota_X","Ascomycota_X_X","Ascomycota_X_X_X","Ascomycota_X_X_X_X","Ascomycota_X_X_X_X_X"
"ASV_211","Fungi","Ascomycota","Ascomycota_X","Ascomycota_X_X","Ascomycota_X_X_X","Ascomycota_X_X_X_X","Ascomycota_X_X_X_X_X"
"ASV_75","Fungi","Ascomycota","Sordariomycetes","Incertae_Sedis","Apiosporaceae","Arthrinium","Arthrinium_X"
"ASV_96","Fungi","Incertae_Sedis","Incertae_Sedis","Mortierellales","Mortierellaceae","Mortierella","Mortierella_alpina"
"ASV_700","Fungi","Ascomycota","Eurotiomycetes","Eurotiales","Eurotiales_X","Eurotiales_X_X","Eurotiales_X_X_X"
"ASV_83","Fungi","Ascomycota","Pezizomycetes","Pezizales","Pezizales_X","Pezizales_X_X","Pezizales_X_X_X"
"ASV_529","Fungi","Incertae_Sedis","Incertae_Sedis_X","Zoopagales","Zoopagales_X","Zoopagales_X_X","Zoopagales_X_X_X"
"ASV_111","Fungi","Ascomycota","Sordariomycetes","Sordariales","Sordariales_X","Sordariales_X_X","Sordariales_X_X_X"
"ASV_802","Fungi","Ascomycota","Sordariomycetes","Sordariales","Sordariaceae","Neurospora","fungal_sp._J21_ZM-2014"
"ASV_157","Fungi","Ascomycota","Ascomycota_X","Ascomycota_X_X","Ascomycota_X_X_X","Ascomycota_X_X_X_X","Ascomycota_X_X_X_X_X"
"ASV_130","Fungi","Ascomycota","Dothideomycetes","Pleosporales","Pleosporales_X","Pleosporales_X_X","Pleosporales_X_X_X"
"ASV_103","Fungi","Ascomycota","Sordariomycetes","Sordariales","Cephalothecaceae","Phialemonium","Phialemonium_obovatum"
"ASV_134","Fungi","Ascomycota","Sordariomycetes","Sordariomycetes_X","Sordariomycetes_X_X","Sordariomycetes_X_X_X","Sordariomycetes_X_X_X_X"
"ASV_86","Fungi","Ascomycota","Sordariomycetes","Sordariomycetes_X","Sordariomycetes_X_X","Sordariomycetes_X_X_X","Sordariomycetes_X_X_X_X"
"ASV_82","Fungi","Ascomycota","Sordariomycetes","Sordariomycetes_X","Sordariomycetes_X_X","Sordariomycetes_X_X_X","Rubellisphaeria_abscondita"
"ASV_759","Fungi","Ascomycota","Sordariomycetes","Microascales","Microascales_X","Microascales_X_X","Microascales_X_X_X"
"ASV_90","Fungi","Ascomycota","Sordariomycetes","Incertae_Sedis","Incertae_Sedis_X","Incertae_Sedis_X_X","Incertae_Sedis_X_X_X"
"ASV_392","Fungi","Ascomycota","Eurotiomycetes","Eurotiales","Eurotiales_X","Eurotiales_X_X","Eurotiales_X_X_X"
"ASV_261","Fungi","Ascomycota","Ascomycota_X","Ascomycota_X_X","Ascomycota_X_X_X","Ascomycota_X_X_X_X","Ascomycota_X_X_X_X_X"
"ASV_100","Fungi","Ascomycota","Dothideomycetes","Pleosporales","Pleosporales_X","Pleosporales_X_X","Pleosporales_X_X_X"
"ASV_110","Fungi","Ascomycota","Sordariomycetes","Sordariomycetes_X","Sordariomycetes_X_X","Sordariomycetes_X_X_X","Sordariomycetes_X_X_X_X"
"ASV_146","Fungi","Ascomycota","Sordariomycetes","Hypocreales","Hypocreales_X","Hypocreales_X_X","Hypocreales_X_X_X"
"ASV_280","Fungi","Ascomycota","Ascomycota_X","Ascomycota_X_X","Ascomycota_X_X_X","Ascomycota_X_X_X_X","Ascomycota_X_X_X_X_X"
"ASV_437","Fungi","Ascomycota","Sordariomycetes","Sordariomycetes_X","Sordariomycetes_X_X","Sordariomycetes_X_X_X","Sordariomycetes_X_X_X_X"
"ASV_173","Fungi","Ascomycota","Ascomycota_X","Ascomycota_X_X","Ascomycota_X_X_X","Ascomycota_X_X_X_X","Ascomycota_X_X_X_X_X"
"ASV_799","Fungi","Ascomycota","Sordariomycetes","Microascales","Microascales_X","Microascales_X_X","Microascales_X_X_X"
"ASV_913","Fungi","Ascomycota","Sordariomycetes","Sordariales","Sordariales_X","Sordariales_X_X","Sordariales_X_X_X"
"ASV_89","Fungi","Basidiomycota","Basidiomycota_X","Basidiomycota_X_X","Basidiomycota_X_X_X","Basidiomycota_X_X_X_X","Basidiomycota_X_X_X_X_X"
"ASV_99","Fungi","Ascomycota","Dothideomycetes","Pleosporales","Pleosporales_X","Pleosporales_X_X","Alternaria_sp._5_SD-2012"
"ASV_91","Fungi","Ascomycota","Sordariomycetes","Sordariomycetes_X","Sordariomycetes_X_X","Sordariomycetes_X_X_X","Sordariomycetes_X_X_X_X"
"ASV_95","Fungi","Ascomycota","Sordariomycetes","Sordariomycetes_X","Sordariomycetes_X_X","Sordariomycetes_X_X_X","Sordariomycetes_X_X_X_X"
"ASV_121","Fungi","Ascomycota","Sordariomycetes","Magnaporthales","Magnaporthaceae","Magnaporthe","Magnaporthe_oryzae_Y34"
"ASV_929","Fungi","Fungi_X","Fungi_X_X","Fungi_X_X_X","Fungi_X_X_X_X","Fungi_X_X_X_X_X","Fungi_X_X_X_X_X_X"
"ASV_102","Fungi","Ascomycota","Eurotiomycetes","Onygenales","Onygenales_X","Onygenales_X_X","Onygenales_X_X_X"
"ASV_604","Fungi","Ascomycota","Sordariomycetes","Xylariales","Xylariales_X","Xylariales_X_X","Xylariaceae_sp._B14"
"ASV_116","Fungi","Basidiomycota","Agaricomycetes","Agaricomycetes_X","Agaricomycetes_X_X","Agaricomycetes_X_X_X","Agaricomycetes_X_X_X_X"
"ASV_576","Fungi","Ascomycota","Ascomycota_X","Ascomycota_X_X","Ascomycota_X_X_X","Ascomycota_X_X_X_X","Ascomycota_X_X_X_X_X"
"ASV_530","Fungi","Ascomycota","Ascomycota_X","Ascomycota_X_X","Ascomycota_X_X_X","Ascomycota_X_X_X_X","Ascomycota_X_X_X_X_X"
"ASV_283","Fungi","Ascomycota","Sordariomycetes","Sordariomycetes_X","Sordariomycetes_X_X","Sordariomycetes_X_X_X","Sordariomycetes_X_X_X_X"
"ASV_688","Fungi","Basidiomycota","Tremellomycetes","Tremellales","Tremellaceae","Tremellaceae_X","Tremellaceae_X_X"
"ASV_184","Fungi","Ascomycota","Ascomycota_X","Ascomycota_X_X","Ascomycota_X_X_X","Ascomycota_X_X_X_X","Ascomycota_X_X_X_X_X"
"ASV_107","Fungi","Ascomycota","Sordariomycetes","Hypocreales","Hypocreales_X","Hypocreales_X_X","Hypocreales_X_X_X"
"ASV_132","Fungi","Basidiomycota","Agaricomycetes","Agaricales","Agaricaceae","Agaricaceae_X","Agaricaceae_X_X"
"ASV_177","Fungi","Ascomycota","Ascomycota_X","Ascomycota_X_X","Ascomycota_X_X_X","Ascomycota_X_X_X_X","Ascomycota_X_X_X_X_X"
"ASV_180","Fungi","Ascomycota","Eurotiomycetes","Eurotiales","Eurotiales_X","Eurotiales_X_X","uncultured_eukaryote"
"ASV_109","Fungi","Ascomycota","Sordariomycetes","Hypocreales","Hypocreales_X","Hypocreales_X_X","Hypocreales_X_X_X"
"ASV_262","Fungi","Ascomycota","Sordariomycetes","Sordariomycetes_X","Sordariomycetes_X_X","Sordariomycetes_X_X_X","Sordariomycetes_X_X_X_X"
"ASV_108","Fungi","Ascomycota","Dothideomycetes","Pleosporales","Pleosporales_X","Pleosporales_X_X","uncultured_eukaryote"
"ASV_269","Fungi","Ascomycota","Ascomycota_X","Ascomycota_X_X","Ascomycota_X_X_X","Ascomycota_X_X_X_X","Ascomycota_X_X_X_X_X"
"ASV_123","Fungi","Basidiomycota","Agaricomycetes","Agaricomycetes_X","Agaricomycetes_X_X","Agaricomycetes_X_X_X","Agaricomycetes_X_X_X_X"
"ASV_186","Fungi","Ascomycota","Sordariomycetes","Sordariales","Sordariales_X","Sordariales_X_X","Sordariales_X_X_X"
"ASV_210","Fungi","Ascomycota","Ascomycota_X","Ascomycota_X_X","Ascomycota_X_X_X","Ascomycota_X_X_X_X","Ascomycota_X_X_X_X_X"
"ASV_233","Fungi","Ascomycota","Ascomycota_X","Ascomycota_X_X","Ascomycota_X_X_X","Ascomycota_X_X_X_X","Ascomycota_X_X_X_X_X"
"ASV_905","Fungi","Ascomycota","Ascomycota_X","Ascomycota_X_X","Ascomycota_X_X_X","Ascomycota_X_X_X_X","Ascomycota_X_X_X_X_X"
"ASV_101","Fungi","Ascomycota","Sordariomycetes","Hypocreales","Hypocreales_X","Hypocreales_X_X","Hypocreales_X_X_X"
"ASV_287","Fungi","Ascomycota","Sordariomycetes","Sordariomycetes_X","Sordariomycetes_X_X","Sordariomycetes_X_X_X","Sordariomycetes_X_X_X_X"
"ASV_114","Fungi","Incertae_Sedis","Incertae_Sedis_X","Zoopagales","Zoopagales_X","Zoopagales_X_X","Zoopagales_X_X_X"
"ASV_411","Fungi","Ascomycota","Eurotiomycetes","Eurotiales","Eurotiales_X","Eurotiales_X_X","Eurotiales_X_X_X"
"ASV_129","Fungi","Ascomycota","Sordariomycetes","Sordariomycetes_X","Sordariomycetes_X_X","Sordariomycetes_X_X_X","Sordariomycetes_X_X_X_X"
"ASV_112","Fungi","Ascomycota","Sordariomycetes","Hypocreales","Hypocreales_X","Hypocreales_X_X","Hypocreales_X_X_X"
"ASV_136","Fungi","Ascomycota","Pezizomycetes","Pezizales","Ascobolaceae","uncultured","uncultured_eukaryote"
"ASV_117","Fungi","Incertae_Sedis","Incertae_Sedis","Mortierellales","Mortierellaceae","Modicella","Modicella_malleola"
"ASV_126","Fungi","Ascomycota","Sordariomycetes","Sordariomycetes_X","Sordariomycetes_X_X","Sordariomycetes_X_X_X","Sordariomycetes_X_X_X_X"
"ASV_730","Fungi","Ascomycota","Sordariomycetes","Sordariomycetes_X","Sordariomycetes_X_X","Sordariomycetes_X_X_X","Sordariomycetes_X_X_X_X"
"ASV_512","Fungi","Ascomycota","Ascomycota_X","Ascomycota_X_X","Ascomycota_X_X_X","Ascomycota_X_X_X_X","Ascomycota_X_X_X_X_X"
"ASV_239","Fungi","Ascomycota","Ascomycota_X","Ascomycota_X_X","Ascomycota_X_X_X","Ascomycota_X_X_X_X","Ascomycota_X_X_X_X_X"
"ASV_323","Fungi","Ascomycota","Dothideomycetes","Pleosporales","Pleosporales_X","Pleosporales_X_X","uncultured_eukaryote"
"ASV_327","Fungi","Ascomycota","Ascomycota_X","Ascomycota_X_X","Ascomycota_X_X_X","Ascomycota_X_X_X_X","Ascomycota_X_X_X_X_X"
"ASV_439","Fungi","Ascomycota","Sordariomycetes","Sordariomycetes_X","Sordariomycetes_X_X","Sordariomycetes_X_X_X","Sordariomycetes_X_X_X_X"
"ASV_274","Fungi","Ascomycota","Ascomycota_X","Ascomycota_X_X","Ascomycota_X_X_X","Ascomycota_X_X_X_X","Ascomycota_X_X_X_X_X"
"ASV_492","Fungi","Ascomycota","Ascomycota_X","Ascomycota_X_X","Ascomycota_X_X_X","Ascomycota_X_X_X_X","Ascomycota_X_X_X_X_X"
"ASV_115","Fungi","Ascomycota","Eurotiomycetes","Arachnomycetales","Arachnomycetaceae","Arachnomyces","Arachnomyces_X"
"ASV_118","Fungi","Ascomycota","Sordariomycetes","Incertae_Sedis","Incertae_Sedis_X","Incertae_Sedis_X_X","Incertae_Sedis_X_X_X"
"ASV_151","Fungi","Basidiomycota","Agaricomycetes","Agaricomycetes_X","Agaricomycetes_X_X","Agaricomycetes_X_X_X","Agaricomycetes_X_X_X_X"
"ASV_155","Fungi","Basidiomycota","Tremellomycetes","Tremellales","Tremellales_X","Tremellales_X_X","Tremellales_X_X_X"
"ASV_158","Fungi","Ascomycota","Ascomycota_X","Ascomycota_X_X","Ascomycota_X_X_X","Ascomycota_X_X_X_X","Ascomycota_X_X_X_X_X"
"ASV_227","Fungi","Ascomycota","Ascomycota_X","Ascomycota_X_X","Ascomycota_X_X_X","Ascomycota_X_X_X_X","Ascomycota_X_X_X_X_X"
"ASV_160","Fungi","Basidiomycota","Agaricomycetes","Agaricales","Agaricales_X","Agaricales_X_X","Agaricales_X_X_X"
"ASV_626","Fungi","Ascomycota","Ascomycota_X","Ascomycota_X_X","Ascomycota_X_X_X","Ascomycota_X_X_X_X","Ascomycota_X_X_X_X_X"
"ASV_869","Fungi","Basidiomycota","Tremellomycetes","Tremellales","Tremellaceae","Tremellaceae_X","Tremellaceae_X_X"
"ASV_141","Fungi","Basidiomycota","Agaricomycetes","Agaricomycetes_X","Agaricomycetes_X_X","Agaricomycetes_X_X_X","Agaricomycetes_X_X_X_X"
"ASV_715","Fungi","Ascomycota","Sordariomycetes","Sordariales","Sordariales_X","Sordariales_X_X","Sordariales_X_X_X"
"ASV_544","Fungi","Ascomycota","Eurotiomycetes","Eurotiales","Eurotiales_X","Eurotiales_X_X","Eurotiales_X_X_X"
"ASV_749","Fungi","Ascomycota","Sordariomycetes","Sordariales","Sordariales_X","Sordariales_X_X","Sordariales_X_X_X"
"ASV_235","Fungi","Basidiomycota","Agaricomycetes","Agaricales","Agaricaceae","Agaricus","Agaricus_bisporus_var._burnettii_JB137-S8"
"ASV_400","Fungi","Ascomycota","Ascomycota_X","Ascomycota_X_X","Ascomycota_X_X_X","Ascomycota_X_X_X_X","Ascomycota_X_X_X_X_X"
"ASV_947","Fungi","Ascomycota","Sordariomycetes","Hypocreales","Hypocreales_X","Hypocreales_X_X","Hypocreales_X_X_X"
"ASV_863","Fungi","Fungi_X","Fungi_X_X","Fungi_X_X_X","Fungi_X_X_X_X","Fungi_X_X_X_X_X","Fungi_X_X_X_X_X_X"
"ASV_140","Fungi","Ascomycota","Eurotiomycetes","Onygenales","Gymnoascaceae","Gymnoascus","Gymnoascus_reesii"
"ASV_131","Fungi","Chytridiomycota","Chytridiomycetes","Chytridiales","Chytridiales_X","Chytridiales_X_X","Chytridiales_X_X_X"
"ASV_337","Fungi","Ascomycota","Ascomycota_X","Ascomycota_X_X","Ascomycota_X_X_X","Ascomycota_X_X_X_X","Ascomycota_X_X_X_X_X"
"ASV_830","Fungi","Ascomycota","Ascomycota_X","Ascomycota_X_X","Ascomycota_X_X_X","Ascomycota_X_X_X_X","Ascomycota_X_X_X_X_X"
"ASV_946","Fungi","Ascomycota","Sordariomycetes","Sordariomycetes_X","Sordariomycetes_X_X","Sordariomycetes_X_X_X","Sordariomycetes_X_X_X_X"
"ASV_361","Fungi","Fungi_X","Fungi_X_X","Fungi_X_X_X","Fungi_X_X_X_X","Fungi_X_X_X_X_X","Fungi_X_X_X_X_X_X"
"ASV_690","Fungi","Ascomycota","Eurotiomycetes","Eurotiales","Eurotiales_X","Eurotiales_X_X","Eurotiales_X_X_X"
"ASV_175","Fungi","Ascomycota","Eurotiomycetes","Eurotiales","Eurotiales_X","Eurotiales_X_X","Eurotiales_X_X_X"
"ASV_903","Fungi","Ascomycota","Sordariomycetes","Sordariomycetes_X","Sordariomycetes_X_X","Sordariomycetes_X_X_X","Sordariomycetes_X_X_X_X"
"ASV_143","Fungi","Ascomycota","Sordariomycetes","Hypocreales","Incertae_Sedis","Sarocladium","Acremonium_sp._HAW-OCF3"
"ASV_246","Fungi","Ascomycota","Sordariomycetes","Incertae_Sedis","Incertae_Sedis_X","Incertae_Sedis_X_X","Incertae_Sedis_X_X_X"
"ASV_573","Fungi","Ascomycota","Ascomycota_X","Ascomycota_X_X","Ascomycota_X_X_X","Ascomycota_X_X_X_X","Ascomycota_X_X_X_X_X"
"ASV_256","Fungi","Ascomycota","Ascomycota_X","Ascomycota_X_X","Ascomycota_X_X_X","Ascomycota_X_X_X_X","Ascomycota_X_X_X_X_X"
"ASV_769","Fungi","Ascomycota","Sordariomycetes","Sordariomycetes_X","Sordariomycetes_X_X","Sordariomycetes_X_X_X","Sordariomycetes_X_X_X_X"
"ASV_321","Fungi","Ascomycota","Sordariomycetes","Sordariales","Sordariales_X","Sordariales_X_X","Sordariales_X_X_X"
"ASV_895","Fungi","Ascomycota","Sordariomycetes","Sordariomycetes_X","Sordariomycetes_X_X","Sordariomycetes_X_X_X","Sordariomycetes_X_X_X_X"
"ASV_153","Fungi","Basidiomycota","Agaricomycetes","Agaricomycetes_X","Agaricomycetes_X_X","Agaricomycetes_X_X_X","Agaricomycetes_X_X_X_X"
"ASV_216","Fungi","Fungi_X","Fungi_X_X","Fungi_X_X_X","Fungi_X_X_X_X","Fungi_X_X_X_X_X","Fungi_X_X_X_X_X_X"
"ASV_435","Fungi","Ascomycota","Ascomycota_X","Ascomycota_X_X","Ascomycota_X_X_X","Ascomycota_X_X_X_X","Ascomycota_X_X_X_X_X"
"ASV_154","Fungi","Basidiomycota","Agaricomycetes","Phallales","Phallaceae","Phallus","Phallus_hadriani"
"ASV_197","Fungi","Ascomycota","Sordariomycetes","Sordariomycetes_X","Sordariomycetes_X_X","Sordariomycetes_X_X_X","Sordariomycetes_X_X_X_X"
"ASV_374","Fungi","Ascomycota","Pezizomycetes","Pezizales","Pezizales_X","Pezizales_X_X","Pezizales_X_X_X"
"ASV_312","Fungi","Ascomycota","Eurotiomycetes","Eurotiales","Eurotiales_X","Eurotiales_X_X","Eurotiales_X_X_X"
"ASV_124","Fungi","Ascomycota","Sordariomycetes","Sordariales","Sordariales_X","Sordariales_X_X","Sordariales_X_X_X"
"ASV_279","Fungi","Incertae_Sedis","Incertae_Sedis","Mortierellales","Mortierellales_X","Mortierellales_X_X","Mortierellales_X_X_X"
"ASV_142","Fungi","Ascomycota","Sordariomycetes","Hypocreales","Hypocreales_X","Hypocreales_X_X","Hypocreales_X_X_X"
"ASV_395","Fungi","Ascomycota","Ascomycota_X","Ascomycota_X_X","Ascomycota_X_X_X","Ascomycota_X_X_X_X","Ascomycota_X_X_X_X_X"
"ASV_310","Fungi","Ascomycota","Ascomycota_X","Ascomycota_X_X","Ascomycota_X_X_X","Ascomycota_X_X_X_X","Ascomycota_X_X_X_X_X"
"ASV_237","Fungi","Ascomycota","Ascomycota_X","Ascomycota_X_X","Ascomycota_X_X_X","Ascomycota_X_X_X_X","Ascomycota_X_X_X_X_X"
"ASV_150","Fungi","Ascomycota","Sordariomycetes","Hypocreales","Hypocreales_X","Hypocreales_X_X","Hypocreales_X_X_X"
"ASV_717","Fungi","Ascomycota","Ascomycota_X","Ascomycota_X_X","Ascomycota_X_X_X","Ascomycota_X_X_X_X","Ascomycota_X_X_X_X_X"
"ASV_199","Fungi","Ascomycota","Sordariomycetes","Sordariomycetes_X","Sordariomycetes_X_X","Sordariomycetes_X_X_X","Rubellisphaeria_abscondita"
"ASV_659","Fungi","Ascomycota","Sordariomycetes","Sordariomycetes_X","Sordariomycetes_X_X","Sordariomycetes_X_X_X","Sordariomycetes_X_X_X_X"
"ASV_191","Fungi","Ascomycota","Eurotiomycetes","Eurotiales","Eurotiales_X","Eurotiales_X_X","Eurotiales_X_X_X"
"ASV_757","Fungi","Ascomycota","Eurotiomycetes","Eurotiales","Eurotiales_X","Eurotiales_X_X","Eurotiales_X_X_X"
"ASV_827","Fungi","Ascomycota","Sordariomycetes","Hypocreales","Hypocreales_X","Hypocreales_X_X","Graphium_sp._UCR2300"
"ASV_761","Fungi","Ascomycota","Ascomycota_X","Ascomycota_X_X","Ascomycota_X_X_X","Ascomycota_X_X_X_X","Ascomycota_X_X_X_X_X"
"ASV_942","Fungi","Ascomycota","Sordariomycetes","Hypocreales","Hypocreales_X","Hypocreales_X_X","Hypocreales_X_X_X"
"ASV_816","Fungi","Ascomycota","Eurotiomycetes","Eurotiomycetes_X","Eurotiomycetes_X_X","Eurotiomycetes_X_X_X","Eurotiomycetes_X_X_X_X"
"ASV_125","Fungi","Basidiomycota","Agaricomycetes","Agaricomycetes_X","Agaricomycetes_X_X","Agaricomycetes_X_X_X","Agaricomycetes_X_X_X_X"
"ASV_804","Fungi","Ascomycota","Ascomycota_X","Ascomycota_X_X","Ascomycota_X_X_X","Ascomycota_X_X_X_X","Ascomycota_X_X_X_X_X"
"ASV_159","Fungi","Basidiomycota","Agaricomycetes","Agaricomycetes_X","Agaricomycetes_X_X","Agaricomycetes_X_X_X","Agaricomycetes_X_X_X_X"
"ASV_611","Fungi","Ascomycota","Ascomycota_X","Ascomycota_X_X","Ascomycota_X_X_X","Ascomycota_X_X_X_X","Ascomycota_X_X_X_X_X"
"ASV_226","Fungi","Ascomycota","Sordariomycetes","Sordariales","Sordariales_X","Sordariales_X_X","Sordariales_X_X_X"
"ASV_281","Fungi","Ascomycota","Sordariomycetes","Sordariomycetes_X","Sordariomycetes_X_X","Sordariomycetes_X_X_X","Sordariomycetes_X_X_X_X"
"ASV_458","Fungi","Basidiomycota","Agaricomycetes","Agaricomycetes_X","Agaricomycetes_X_X","Agaricomycetes_X_X_X","Agaricomycetes_X_X_X_X"
"ASV_649","Fungi","Ascomycota","Ascomycota_X","Ascomycota_X_X","Ascomycota_X_X_X","Ascomycota_X_X_X_X","Ascomycota_X_X_X_X_X"
"ASV_412","Fungi","Ascomycota","Ascomycota_X","Ascomycota_X_X","Ascomycota_X_X_X","Ascomycota_X_X_X_X","Ascomycota_X_X_X_X_X"
"ASV_795","Fungi","Ascomycota","Sordariomycetes","Sordariales","Sordariales_X","Sordariales_X_X","Sordariales_X_X_X"
"ASV_346","Fungi","Ascomycota","Eurotiomycetes","Chaetothyriales","Chaetothyriales_X","Chaetothyriales_X_X","Chaetothyriales_X_X_X"
"ASV_360","Fungi","Ascomycota","Sordariomycetes","Sordariomycetes_X","Sordariomycetes_X_X","Sordariomycetes_X_X_X","Sordariomycetes_X_X_X_X"
"ASV_185","Fungi","Ascomycota","Sordariomycetes","Incertae_Sedis","Papulosaceae","Papulosa","Papulosa_amerospora"
"ASV_957","Fungi","Basidiomycota","Agaricomycetes","Agaricomycetes_X","Agaricomycetes_X_X","Agaricomycetes_X_X_X","Agaricomycetes_X_X_X_X"
"ASV_200","Fungi","Basidiomycota","Exobasidiomycetes","Malasseziales","Incertae_Sedis","Malassezia","Malassezia_X"
"ASV_409","Fungi","Ascomycota","Ascomycota_X","Ascomycota_X_X","Ascomycota_X_X_X","Ascomycota_X_X_X_X","Ascomycota_X_X_X_X_X"
"ASV_468","Fungi","Ascomycota","Sordariomycetes","Sordariomycetes_X","Sordariomycetes_X_X","Sordariomycetes_X_X_X","Sordariomycetes_X_X_X_X"
"ASV_189","Fungi","Basidiomycota","Agaricomycetes","Agaricomycetes_X","Agaricomycetes_X_X","Agaricomycetes_X_X_X","Agaricomycetes_X_X_X_X"
"ASV_845","Fungi","Basidiomycota","Agaricomycetes","Agaricomycetes_X","Agaricomycetes_X_X","Agaricomycetes_X_X_X","Agaricomycetes_X_X_X_X"
"ASV_264","Fungi","Ascomycota","Dothideomycetes","Pleosporales","Pleosporales_X","Pleosporales_X_X","Pleosporales_X_X_X"
"ASV_201","Fungi","Ascomycota","Sordariomycetes","Sordariomycetes_X","Sordariomycetes_X_X","Sordariomycetes_X_X_X","Sordariomycetes_X_X_X_X"
"ASV_234","Fungi","Ascomycota","Sordariomycetes","Sordariomycetes_X","Sordariomycetes_X_X","Sordariomycetes_X_X_X","Sordariomycetes_X_X_X_X"
"ASV_440","Fungi","Ascomycota","Ascomycota_X","Ascomycota_X_X","Ascomycota_X_X_X","Ascomycota_X_X_X_X","Ascomycota_X_X_X_X_X"
"ASV_316","Fungi","Ascomycota","Sordariomycetes","Sordariales","Sordariales_X","Sordariales_X_X","Sordariales_X_X_X"
"ASV_163","Fungi","Basidiomycota","Agaricomycetes","Trechisporales","Hydnodontaceae","Trechispora","Trechispora_alnicola"
"ASV_238","Fungi","Ascomycota","Eurotiomycetes","Eurotiales","Eurotiales_X","Eurotiales_X_X","Eurotiales_X_X_X"
"ASV_557","Fungi","Basidiomycota","Agaricomycetes","Agaricomycetes_X","Agaricomycetes_X_X","Agaricomycetes_X_X_X","Agaricomycetes_X_X_X_X"
"ASV_504","Fungi","Ascomycota","Eurotiomycetes","Eurotiomycetes_X","Eurotiomycetes_X_X","Eurotiomycetes_X_X_X","Eurotiomycetes_X_X_X_X"
"ASV_164","Fungi","Basidiomycota","Agaricomycetes","Agaricomycetes_X","Agaricomycetes_X_X","Agaricomycetes_X_X_X","Agaricomycetes_X_X_X_X"
"ASV_901","Fungi","Ascomycota","Sordariomycetes","Sordariales","Sordariales_X","Sordariales_X_X","Sordariales_X_X_X"
"ASV_779","Fungi","Ascomycota","Sordariomycetes","Sordariales","Sordariales_X","Sordariales_X_X","Sordariales_X_X_X"
"ASV_627","Fungi","Ascomycota","Sordariomycetes","Sordariales","Sordariales_X","Sordariales_X_X","Sordariales_X_X_X"
"ASV_192","Fungi","Ascomycota","Sordariomycetes","Sordariomycetes_X","Sordariomycetes_X_X","Sordariomycetes_X_X_X","Sordariomycetes_X_X_X_X"
"ASV_937","Fungi","Basidiomycota","Agaricomycetes","Agaricomycetes_X","Agaricomycetes_X_X","Agaricomycetes_X_X_X","Agaricomycetes_X_X_X_X"
"ASV_181","Fungi","Ascomycota","Eurotiomycetes","Eurotiales","Eurotiales_X","Eurotiales_X_X","uncultured_eukaryote"
"ASV_161","Fungi","Basidiomycota","Agaricomycetes","Agaricomycetes_X","Agaricomycetes_X_X","Agaricomycetes_X_X_X","Agaricomycetes_X_X_X_X"
"ASV_632","Fungi","Ascomycota","Ascomycota_X","Ascomycota_X_X","Ascomycota_X_X_X","Ascomycota_X_X_X_X","Ascomycota_X_X_X_X_X"
"ASV_712","Fungi","Ascomycota","Eurotiomycetes","Eurotiales","Eurotiales_X","Eurotiales_X_X","Eurotiales_X_X_X"
"ASV_418","Fungi","Ascomycota","Sordariomycetes","Sordariales","Sordariales_X","Sordariales_X_X","Sordariales_X_X_X"
"ASV_152","Fungi","Ascomycota","Eurotiomycetes","Eurotiomycetes_X","Eurotiomycetes_X_X","Eurotiomycetes_X_X_X","Eurotiomycetes_X_X_X_X"
"ASV_926","Fungi","Ascomycota","Ascomycota_X","Ascomycota_X_X","Ascomycota_X_X_X","Ascomycota_X_X_X_X","Ascomycota_X_X_X_X_X"
"ASV_489","Fungi","Ascomycota","Ascomycota_X","Ascomycota_X_X","Ascomycota_X_X_X","Ascomycota_X_X_X_X","Ascomycota_X_X_X_X_X"
"ASV_304","Fungi","Ascomycota","Sordariomycetes","Sordariomycetes_X","Sordariomycetes_X_X","Sordariomycetes_X_X_X","Sordariomycetes_X_X_X_X"
"ASV_165","Fungi","Ascomycota","Sordariomycetes","Microascales","Microascales_X","Microascales_X_X","Microascales_X_X_X"
"ASV_382","Fungi","Ascomycota","Ascomycota_X","Ascomycota_X_X","Ascomycota_X_X_X","Ascomycota_X_X_X_X","Ascomycota_X_X_X_X_X"
"ASV_230","Fungi","Ascomycota","Ascomycota_X","Ascomycota_X_X","Ascomycota_X_X_X","Ascomycota_X_X_X_X","Ascomycota_X_X_X_X_X"
"ASV_936","Fungi","Ascomycota","Ascomycota_X","Ascomycota_X_X","Ascomycota_X_X_X","Ascomycota_X_X_X_X","Ascomycota_X_X_X_X_X"
"ASV_701","Fungi","Ascomycota","Ascomycota_X","Ascomycota_X_X","Ascomycota_X_X_X","Ascomycota_X_X_X_X","Ascomycota_X_X_X_X_X"
"ASV_935","Fungi","Ascomycota","Sordariomycetes","Sordariomycetes_X","Sordariomycetes_X_X","Sordariomycetes_X_X_X","Sordariomycetes_X_X_X_X"
"ASV_176","Fungi","Basidiomycota","Microbotryomycetes","Sporidiobolales","Incertae_Sedis","Rhodotorula","Rhodotorula_X"
"ASV_648","Fungi","Ascomycota","Sordariomycetes","Sordariales","Sordariales_X","Sordariales_X_X","Sordariales_X_X_X"
"ASV_383","Fungi","Ascomycota","Dothideomycetes","Pleosporales","Pleosporales_X","Pleosporales_X_X","Pleosporales_X_X_X"
"ASV_938","Fungi","Ascomycota","Ascomycota_X","Ascomycota_X_X","Ascomycota_X_X_X","Ascomycota_X_X_X_X","Ascomycota_X_X_X_X_X"
"ASV_871","Fungi","Ascomycota","Ascomycota_X","Ascomycota_X_X","Ascomycota_X_X_X","Ascomycota_X_X_X_X","Ascomycota_X_X_X_X_X"
"ASV_390","Fungi","Ascomycota","Ascomycota_X","Ascomycota_X_X","Ascomycota_X_X_X","Ascomycota_X_X_X_X","Ascomycota_X_X_X_X_X"
"ASV_182","Fungi","Basidiomycota","Agaricomycetes","Trechisporales","Hydnodontaceae","Hydnodontaceae_X","Hydnodontaceae_X_X"
"ASV_403","Fungi","Ascomycota","Ascomycota_X","Ascomycota_X_X","Ascomycota_X_X_X","Ascomycota_X_X_X_X","Ascomycota_X_X_X_X_X"
"ASV_751","Fungi","Ascomycota","Sordariomycetes","Sordariales","Sordariales_X","Sordariales_X_X","Sordariales_X_X_X"
"ASV_198","Fungi","Ascomycota","Dothideomycetes","Pleosporales","Pleosporales_X","Pleosporales_X_X","Pleosporales_sp._IRB20-2"
"ASV_172","Fungi","Ascomycota","Eurotiomycetes","Onygenales","Onygenaceae","Spiromastix","Spiromastix_X"
"ASV_705","Fungi","Ascomycota","Sordariomycetes","Sordariomycetes_X","Sordariomycetes_X_X","Sordariomycetes_X_X_X","Sordariomycetes_X_X_X_X"
"ASV_247","Fungi","Basidiomycota","Agaricomycetes","Agaricomycetes_X","Agaricomycetes_X_X","Agaricomycetes_X_X_X","Agaricomycetes_X_X_X_X"
"ASV_215","Fungi","Ascomycota","Ascomycota_X","Ascomycota_X_X","Ascomycota_X_X_X","Ascomycota_X_X_X_X","Ascomycota_X_X_X_X_X"
"ASV_517","Fungi","Ascomycota","Sordariomycetes","Sordariales","Sordariales_X","Sordariales_X_X","Sordariales_X_X_X"
"ASV_684","Fungi","Ascomycota","Sordariomycetes","Sordariales","Sordariales_X","Sordariales_X_X","Sordariales_X_X_X"
"ASV_335","Fungi","Ascomycota","Ascomycota_X","Ascomycota_X_X","Ascomycota_X_X_X","Ascomycota_X_X_X_X","Ascomycota_X_X_X_X_X"
"ASV_195","Fungi","Ascomycota","Eurotiomycetes","Eurotiomycetes_X","Eurotiomycetes_X_X","Eurotiomycetes_X_X_X","Eurotiomycetes_X_X_X_X"
"ASV_920","Fungi","Ascomycota","Sordariomycetes","Hypocreales","Hypocreales_X","Hypocreales_X_X","Hypocreales_X_X_X"
"ASV_918","Fungi","Ascomycota","Sordariomycetes","Sordariomycetes_X","Sordariomycetes_X_X","Sordariomycetes_X_X_X","Sordariomycetes_X_X_X_X"
"ASV_313","Fungi","Ascomycota","Sordariomycetes","Sordariales","Sordariales_X","Sordariales_X_X","Sordariales_X_X_X"
"ASV_183","Fungi","Ascomycota","Saccharomycetes","Saccharomycetales","Lipomycetaceae","Lipomyces","Lipomyces_mesembrius"
"ASV_222","Fungi","Basidiomycota","Agaricomycetes","Agaricomycetes_X","Agaricomycetes_X_X","Agaricomycetes_X_X_X","Agaricomycetes_X_X_X_X"
"ASV_225","Fungi","Ascomycota","Dothideomycetes","Pleosporales","Pleosporales_X","Pleosporales_X_X","Pleosporales_X_X_X"
"ASV_228","Fungi","Ascomycota","Eurotiomycetes","Eurotiales","Eurotiales_X","Eurotiales_X_X","Eurotiales_X_X_X"
"ASV_536","Fungi","Ascomycota","Sordariomycetes","Sordariomycetes_X","Sordariomycetes_X_X","Sordariomycetes_X_X_X","Sordariomycetes_X_X_X_X"
"ASV_206","Fungi","Ascomycota","Dothideomycetes","Dothideomycetes_X","Dothideomycetes_X_X","Dothideomycetes_X_X_X","Dothideomycetes_X_X_X_X"
"ASV_205","Fungi","Basidiomycota","Agaricomycetes","Trechisporales","Hydnodontaceae","Hydnodontaceae_X","Hydnodontaceae_X_X"
"ASV_242","Fungi","Ascomycota","Sordariomycetes","Sordariomycetes_X","Sordariomycetes_X_X","Sordariomycetes_X_X_X","Sordariomycetes_X_X_X_X"
"ASV_263","Fungi","Incertae_Sedis","Incertae_Sedis_X","Zoopagales","Cochlonemataceae","Cochlonema","Cochlonema_euryblastum"
"ASV_369","Fungi","Ascomycota","Sordariomycetes","Sordariales","Sordariales_X","Sordariales_X_X","Sordariales_X_X_X"
"ASV_459","Fungi","Basidiomycota","Tremellomycetes","Tremellales","Tremellales_X","Tremellales_X_X","Tremellales_X_X_X"
"ASV_568","Fungi","Ascomycota","Ascomycota_X","Ascomycota_X_X","Ascomycota_X_X_X","Ascomycota_X_X_X_X","Ascomycota_X_X_X_X_X"
"ASV_212","Fungi","Basidiomycota","Agaricomycetes","Agaricomycetes_X","Agaricomycetes_X_X","Agaricomycetes_X_X_X","Agaricomycetes_X_X_X_X"
"ASV_223","Fungi","Fungi_X","Fungi_X_X","Fungi_X_X_X","Fungi_X_X_X_X","Fungi_X_X_X_X_X","Fungi_X_X_X_X_X_X"
"ASV_502","Fungi","Ascomycota","Ascomycota_X","Ascomycota_X_X","Ascomycota_X_X_X","Ascomycota_X_X_X_X","Ascomycota_X_X_X_X_X"
"ASV_208","Fungi","Basidiomycota","Tremellomycetes","Tremellales","Tremellales_X","Tremellales_X_X","Tremellales_X_X_X"
"ASV_906","Fungi","Ascomycota","Sordariomycetes","Sordariales","Sordariales_X","Sordariales_X_X","Sordariales_X_X_X"
"ASV_218","Fungi","Basidiomycota","Agaricomycetes","Agaricomycetes_X","Agaricomycetes_X_X","Agaricomycetes_X_X_X","Agaricomycetes_X_X_X_X"
"ASV_861","Fungi","Ascomycota","Eurotiomycetes","Eurotiales","Eurotiales_X","Eurotiales_X_X","Eurotiales_X_X_X"
"ASV_317","Fungi","Ascomycota","Eurotiomycetes","Eurotiales","Eurotiales_X","Eurotiales_X_X","Eurotiales_X_X_X"
"ASV_381","Fungi","Ascomycota","Ascomycota_X","Ascomycota_X_X","Ascomycota_X_X_X","Ascomycota_X_X_X_X","Ascomycota_X_X_X_X_X"
"ASV_282","Fungi","Chytridiomycota","Chytridiomycetes","Spizellomycetales","Spizellomycetales_X","Spizellomycetales_X_X","uncultured_eukaryote"
"ASV_503","Fungi","Ascomycota","Ascomycota_X","Ascomycota_X_X","Ascomycota_X_X_X","Ascomycota_X_X_X_X","Ascomycota_X_X_X_X_X"
"ASV_221","Fungi","Ascomycota","Saccharomycetes","Saccharomycetales","Dipodascaceae","Galactomyces","Geotrichum_candidum"
"ASV_958","Fungi","Ascomycota","Ascomycota_X","Ascomycota_X_X","Ascomycota_X_X_X","Ascomycota_X_X_X_X","Ascomycota_X_X_X_X_X"
"ASV_449","Fungi","Ascomycota","Eurotiomycetes","Eurotiomycetes_X","Eurotiomycetes_X_X","Eurotiomycetes_X_X_X","Eurotiomycetes_X_X_X_X"
"ASV_543","Fungi","Ascomycota","Sordariomycetes","Sordariomycetes_X","Sordariomycetes_X_X","Sordariomycetes_X_X_X","Sordariomycetes_X_X_X_X"
"ASV_441","Fungi","Ascomycota","Ascomycota_X","Ascomycota_X_X","Ascomycota_X_X_X","Ascomycota_X_X_X_X","Ascomycota_X_X_X_X_X"
"ASV_774","Fungi","Ascomycota","Ascomycota_X","Ascomycota_X_X","Ascomycota_X_X_X","Ascomycota_X_X_X_X","Ascomycota_X_X_X_X_X"
"ASV_880","Fungi","Fungi_X","Fungi_X_X","Fungi_X_X_X","Fungi_X_X_X_X","Fungi_X_X_X_X_X","Fungi_X_X_X_X_X_X"
"ASV_292","Fungi","Incertae_Sedis","Incertae_Sedis_X","Zoopagales","Zoopagales_X","Zoopagales_X_X","Zoopagales_X_X_X"
"ASV_650","Fungi","Ascomycota","Sordariomycetes","Sordariales","Sordariales_X","Sordariales_X_X","Sordariales_X_X_X"
"ASV_204","Fungi","Ascomycota","Sordariomycetes","Sordariomycetes_X","Sordariomycetes_X_X","Sordariomycetes_X_X_X","Sordariomycetes_X_X_X_X"
"ASV_499","Fungi","Ascomycota","Sordariomycetes","Sordariales","Sordariales_X","Sordariales_X_X","Sordariales_X_X_X"
"ASV_322","Fungi","Ascomycota","Sordariomycetes","Hypocreales","Hypocreales_X","Hypocreales_X_X","Hypocreales_X_X_X"
"ASV_179","Fungi","Incertae_Sedis","Incertae_Sedis_X","Zoopagales","Cochlonemataceae","Cochlonema","Cochlonema_euryblastum"
"ASV_851","Fungi","Ascomycota","Sordariomycetes","Sordariales","Sordariales_X","Sordariales_X_X","Sordariales_X_X_X"
"ASV_914","Fungi","Ascomycota","Ascomycota_X","Ascomycota_X_X","Ascomycota_X_X_X","Ascomycota_X_X_X_X","Ascomycota_X_X_X_X_X"
"ASV_739","Fungi","Ascomycota","Sordariomycetes","Sordariomycetes_X","Sordariomycetes_X_X","Sordariomycetes_X_X_X","Sordariomycetes_X_X_X_X"
"ASV_217","Fungi","Fungi_X","Fungi_X_X","Fungi_X_X_X","Fungi_X_X_X_X","Fungi_X_X_X_X_X","Fungi_X_X_X_X_X_X"
"ASV_209","Fungi","Ascomycota","Eurotiomycetes","Chaetothyriales","Chaetothyriales_X","Chaetothyriales_X_X","Chaetothyriales_X_X_X"
"ASV_311","Fungi","Basidiomycota","Agaricomycetes","Agaricomycetes_X","Agaricomycetes_X_X","Agaricomycetes_X_X_X","Agaricomycetes_X_X_X_X"
"ASV_248","Fungi","Chytridiomycota","Chytridiomycetes","Spizellomycetales","Spizellomycetaceae","Gaertneriomyces","Gaertneriomyces_semiglobifer"
"ASV_243","Fungi","Ascomycota","Laboulbeniomycetes","Pyxidiophorales","Pyxidiophoraceae","Pyxidiophora","Pyxidiophora_arvernensis"
"ASV_232","Fungi","Basidiomycota","Agaricomycetes","Agaricales","Agaricales_X","Agaricales_X_X","Agaricales_X_X_X"
"ASV_686","Fungi","Ascomycota","Sordariomycetes","Sordariomycetes_X","Sordariomycetes_X_X","Sordariomycetes_X_X_X","Sordariomycetes_X_X_X_X"
"ASV_252","Fungi","Ascomycota","Dothideomycetes","Pleosporales","Pleosporales_X","Pleosporales_X_X","fungal_sp._L18_KJO-2011"
"ASV_301","Fungi","Ascomycota","Eurotiomycetes","Eurotiomycetes_X","Eurotiomycetes_X_X","Eurotiomycetes_X_X_X","Eurotiomycetes_X_X_X_X"
"ASV_514","Fungi","Ascomycota","Eurotiomycetes","Eurotiomycetes_X","Eurotiomycetes_X_X","Eurotiomycetes_X_X_X","Eurotiomycetes_X_X_X_X"
"ASV_251","Fungi","Fungi_X","Fungi_X_X","Fungi_X_X_X","Fungi_X_X_X_X","Fungi_X_X_X_X_X","Fungi_X_X_X_X_X_X"
"ASV_960","Fungi","Ascomycota","Sordariomycetes","Sordariales","Sordariales_X","Sordariales_X_X","Sordariales_X_X_X"
"ASV_655","Fungi","Ascomycota","Sordariomycetes","Sordariomycetes_X","Sordariomycetes_X_X","Sordariomycetes_X_X_X","Sordariomycetes_X_X_X_X"
"ASV_266","Fungi","Ascomycota","Ascomycota_X","Ascomycota_X_X","Ascomycota_X_X_X","Ascomycota_X_X_X_X","Ascomycota_X_X_X_X_X"
"ASV_343","Fungi","Ascomycota","Dothideomycetes","Pleosporales","Pleosporales_X","Pleosporales_X_X","Pleosporales_X_X_X"
"ASV_580","Fungi","Ascomycota","Ascomycota_X","Ascomycota_X_X","Ascomycota_X_X_X","Ascomycota_X_X_X_X","Ascomycota_X_X_X_X_X"
"ASV_220","Fungi","Ascomycota","Dothideomycetes","Pleosporales","Pleosporales_X","Pleosporales_X_X","Pleosporales_X_X_X"
"ASV_828","Fungi","Ascomycota","Ascomycota_X","Ascomycota_X_X","Ascomycota_X_X_X","Ascomycota_X_X_X_X","Ascomycota_X_X_X_X_X"
"ASV_726","Fungi","Ascomycota","Sordariomycetes","Sordariomycetes_X","Sordariomycetes_X_X","Sordariomycetes_X_X_X","Sordariomycetes_X_X_X_X"
"ASV_638","Fungi","Ascomycota","Ascomycota_X","Ascomycota_X_X","Ascomycota_X_X_X","Ascomycota_X_X_X_X","Ascomycota_X_X_X_X_X"
"ASV_477","Fungi","Ascomycota","Sordariomycetes","Sordariales","Sordariaceae","Neurospora","fungal_sp._J21_ZM-2014"
"ASV_682","Fungi","Ascomycota","Dothideomycetes","Dothideomycetes_X","Dothideomycetes_X_X","Dothideomycetes_X_X_X","Dothideomycetes_X_X_X_X"
"ASV_785","Fungi","Ascomycota","Sordariomycetes","Hypocreales","Hypocreales_X","Hypocreales_X_X","Hypocreales_X_X_X"
"ASV_722","Fungi","Ascomycota","Sordariomycetes","Sordariales","Sordariales_X","Sordariales_X_X","Sordariales_X_X_X"
"ASV_535","Fungi","Ascomycota","Ascomycota_X","Ascomycota_X_X","Ascomycota_X_X_X","Ascomycota_X_X_X_X","Ascomycota_X_X_X_X_X"
"ASV_617","Fungi","Ascomycota","Ascomycota_X","Ascomycota_X_X","Ascomycota_X_X_X","Ascomycota_X_X_X_X","Ascomycota_X_X_X_X_X"
"ASV_406","Fungi","Fungi_X","Fungi_X_X","Fungi_X_X_X","Fungi_X_X_X_X","Fungi_X_X_X_X_X","Fungi_X_X_X_X_X_X"
"ASV_798","Fungi","Ascomycota","Sordariomycetes","Sordariales","Sordariales_X","Sordariales_X_X","Sordariales_X_X_X"
"ASV_257","Fungi","Ascomycota","Dothideomycetes","Acrospermales","Acrospermaceae","Acrospermum","Acrospermum_X"
"ASV_807","Fungi","Basidiomycota","Agaricomycetes","Agaricomycetes_X","Agaricomycetes_X_X","Agaricomycetes_X_X_X","Agaricomycetes_X_X_X_X"
"ASV_203","Fungi","Basidiomycota","Pucciniomycetes","Platygloeales","Platygloeaceae","Platygloeaceae_X","Platygloeaceae_X_X"
"ASV_539","Fungi","Ascomycota","Ascomycota_X","Ascomycota_X_X","Ascomycota_X_X_X","Ascomycota_X_X_X_X","Ascomycota_X_X_X_X_X"
"ASV_786","Fungi","Ascomycota","Sordariomycetes","Sordariomycetes_X","Sordariomycetes_X_X","Sordariomycetes_X_X_X","Sordariomycetes_X_X_X_X"
"ASV_948","Fungi","Ascomycota","Ascomycota_X","Ascomycota_X_X","Ascomycota_X_X_X","Ascomycota_X_X_X_X","Ascomycota_X_X_X_X_X"
"ASV_324","Fungi","Ascomycota","Dothideomycetes","Dothideomycetes_X","Dothideomycetes_X_X","Dothideomycetes_X_X_X","Dothideomycetes_X_X_X_X"
"ASV_867","Fungi","Ascomycota","Ascomycota_X","Ascomycota_X_X","Ascomycota_X_X_X","Ascomycota_X_X_X_X","Ascomycota_X_X_X_X_X"
"ASV_270","Fungi","Basidiomycota","Agaricomycetes","Agaricomycetes_X","Agaricomycetes_X_X","Agaricomycetes_X_X_X","Agaricomycetes_X_X_X_X"
"ASV_519","Fungi","Ascomycota","Dothideomycetes","Dothideomycetes_X","Dothideomycetes_X_X","Dothideomycetes_X_X_X","Dothideomycetes_X_X_X_X"
"ASV_245","Fungi","Ascomycota","Ascomycota_X","Ascomycota_X_X","Ascomycota_X_X_X","Ascomycota_X_X_X_X","Ascomycota_X_X_X_X_X"
"ASV_288","Fungi","Ascomycota","Dothideomycetes","Botryosphaeriales","Botryosphaeriaceae","Guignardia","Botryosphaeriaceae_sp._MUT_4901"
"ASV_356","Fungi","Ascomycota","Pezizomycetes","Pezizales","Pezizales_X","Pezizales_X_X","Pezizales_X_X_X"
"ASV_410","Fungi","Ascomycota","Ascomycota_X","Ascomycota_X_X","Ascomycota_X_X_X","Ascomycota_X_X_X_X","Ascomycota_X_X_X_X_X"
"ASV_731","Fungi","Ascomycota","Sordariomycetes","Incertae_Sedis","Plectosphaerellaceae","Plectosphaerellaceae_X","Plectosphaerella_cucumerina"
"ASV_488","Fungi","Ascomycota","Sordariomycetes","Sordariales","Sordariales_X","Sordariales_X_X","Sordariales_X_X_X"
"ASV_268","Fungi","Ascomycota","Dothideomycetes","Pleosporales","Pleosporales_X","Pleosporales_X_X","Pleosporales_X_X_X"
"ASV_258","Fungi","Ascomycota","Sordariomycetes","Hypocreales","Hypocreales_X","Hypocreales_X_X","Hypocreales_X_X_X"
"ASV_250","Fungi","Ascomycota","Sordariomycetes","Sordariomycetes_X","Sordariomycetes_X_X","Sordariomycetes_X_X_X","Sordariomycetes_X_X_X_X"
"ASV_333","Fungi","Basidiomycota","Agaricomycetes","Agaricomycetes_X","Agaricomycetes_X_X","Agaricomycetes_X_X_X","Agaricomycetes_X_X_X_X"
"ASV_244","Fungi","Incertae_Sedis","Incertae_Sedis","Mortierellales","Mortierellales_X","Mortierellales_X_X","Mortierellales_X_X_X"
"ASV_329","Fungi","Chytridiomycota","Chytridiomycota_X","Chytridiomycota_X_X","Chytridiomycota_X_X_X","Chytridiomycota_X_X_X_X","Chytridiomycota_X_X_X_X_X"
"ASV_273","Fungi","Ascomycota","Ascomycota_X","Ascomycota_X_X","Ascomycota_X_X_X","Ascomycota_X_X_X_X","Ascomycota_X_X_X_X_X"
"ASV_817","Fungi","Ascomycota","Eurotiomycetes","Eurotiales","Eurotiales_X","Eurotiales_X_X","Eurotiales_X_X_X"
"ASV_832","Fungi","Ascomycota","Sordariomycetes","Sordariales","Sordariales_X","Sordariales_X_X","Sordariales_X_X_X"
"ASV_606","Fungi","Ascomycota","Ascomycota_X","Ascomycota_X_X","Ascomycota_X_X_X","Ascomycota_X_X_X_X","Ascomycota_X_X_X_X_X"
"ASV_420","Fungi","Chytridiomycota","Chytridiomycetes","Chytridiomycetes_X","Chytridiomycetes_X_X","Chytridiomycetes_X_X_X","Geranomyces_variabilis"
"ASV_229","Fungi","Incertae_Sedis","Incertae_Sedis","Mucorales","Mucorales_X","Mucorales_X_X","Umbelopsis_sp._I1A5"
"ASV_354","Fungi","Glomeromycota","Glomeromycetes","Glomerales","Glomerales_X","Glomerales_X_X","Glomerales_X_X_X"
"ASV_630","Fungi","Ascomycota","Sordariomycetes","Sordariomycetes_X","Sordariomycetes_X_X","Sordariomycetes_X_X_X","Sordariomycetes_X_X_X_X"
"ASV_808","Fungi","Ascomycota","Ascomycota_X","Ascomycota_X_X","Ascomycota_X_X_X","Ascomycota_X_X_X_X","Ascomycota_X_X_X_X_X"
"ASV_308","Fungi","Ascomycota","Eurotiomycetes","Eurotiomycetes_X","Eurotiomycetes_X_X","Eurotiomycetes_X_X_X","Eurotiomycetes_X_X_X_X"
"ASV_298","Fungi","Incertae_Sedis","Incertae_Sedis","Endogonales","Endogonales_X","Endogonales_X_X","Endogonales_X_X_X"
"ASV_416","Fungi","Ascomycota","Sordariomycetes","Sordariomycetes_X","Sordariomycetes_X_X","Sordariomycetes_X_X_X","Sordariomycetes_X_X_X_X"
"ASV_874","Fungi","Ascomycota","Sordariomycetes","Sordariomycetes_X","Sordariomycetes_X_X","Sordariomycetes_X_X_X","Sordariomycetes_X_X_X_X"
"ASV_265","Fungi","Ascomycota","Sordariomycetes","Sordariomycetes_X","Sordariomycetes_X_X","Sordariomycetes_X_X_X","Sordariomycetes_X_X_X_X"
"ASV_320","Fungi","Ascomycota","Dothideomycetes","Capnodiales","Capnodiales_X","Capnodiales_X_X","uncultured_stramenopile"
"ASV_213","Fungi","Ascomycota","Sordariomycetes","Sordariomycetes_X","Sordariomycetes_X_X","Sordariomycetes_X_X_X","Sordariomycetes_X_X_X_X"
"ASV_241","Fungi","Ascomycota","Sordariomycetes","Sordariales","Incertae_Sedis","Conioscypha","Conioscypha_lignicola"
"ASV_276","Fungi","Ascomycota","Orbiliomycetes","Orbiliales","Orbiliaceae","Orbiliaceae_X","Orbiliaceae_X_X"
"ASV_525","Fungi","Basidiomycota","Agaricomycetes","Agaricomycetes_X","Agaricomycetes_X_X","Agaricomycetes_X_X_X","Agaricomycetes_X_X_X_X"
"ASV_541","Fungi","Ascomycota","Ascomycota_X","Ascomycota_X_X","Ascomycota_X_X_X","Ascomycota_X_X_X_X","Ascomycota_X_X_X_X_X"
"ASV_314","Fungi","Ascomycota","Saccharomycetes","Saccharomycetales","Saccharomycetaceae","Saccharomycetaceae_X","Saccharomycetaceae_X_X"
"ASV_318","Fungi","Ascomycota","Dothideomycetes","Pleosporales","Pleosporales_X","Pleosporales_X_X","Pleosporales_X_X_X"
"ASV_330","Fungi","Ascomycota","Saccharomycetes","Saccharomycetales","Incertae_Sedis","Candida","Candida_solani"
"ASV_673","Fungi","Ascomycota","Sordariomycetes","Sordariomycetes_X","Sordariomycetes_X_X","Sordariomycetes_X_X_X","Sordariomycetes_X_X_X_X"
"ASV_511","Fungi","Basidiomycota","Agaricomycetes","Agaricomycetes_X","Agaricomycetes_X_X","Agaricomycetes_X_X_X","Agaricomycetes_X_X_X_X"
"ASV_253","Fungi","Ascomycota","Sordariomycetes","Hypocreales","Hypocreales_X","Hypocreales_X_X","Acremonium_sp._ZH11"
"ASV_286","Fungi","Ascomycota","Sordariomycetes","Sordariomycetes_X","Sordariomycetes_X_X","Sordariomycetes_X_X_X","Sordariomycetes_X_X_X_X"
"ASV_339","Fungi","Basidiomycota","Agaricomycetes","Agaricomycetes_X","Agaricomycetes_X_X","Agaricomycetes_X_X_X","uncultured_Basidiomycota"
"ASV_302","Fungi","Ascomycota","Dothideomycetes","Acrospermales","Acrospermaceae","Acrospermum","Acrospermum_X"
"ASV_552","Fungi","Ascomycota","Sordariomycetes","Sordariomycetes_X","Sordariomycetes_X_X","Sordariomycetes_X_X_X","Sordariomycetes_X_X_X_X"
"ASV_338","Fungi","Basidiomycota","Agaricomycetes","Agaricomycetes_X","Agaricomycetes_X_X","Agaricomycetes_X_X_X","Agaricomycetes_X_X_X_X"
"ASV_443","Fungi","Ascomycota","Ascomycota_X","Ascomycota_X_X","Ascomycota_X_X_X","Ascomycota_X_X_X_X","Ascomycota_X_X_X_X_X"
"ASV_309","Fungi","Ascomycota","Dothideomycetes","Pleosporales","Pleosporales_X","Pleosporales_X_X","Pleosporales_X_X_X"
"ASV_716","Fungi","Ascomycota","Ascomycota_X","Ascomycota_X_X","Ascomycota_X_X_X","Ascomycota_X_X_X_X","Ascomycota_X_X_X_X_X"
"ASV_835","Fungi","Fungi_X","Fungi_X_X","Fungi_X_X_X","Fungi_X_X_X_X","Fungi_X_X_X_X_X","Fungi_X_X_X_X_X_X"
"ASV_533","Fungi","Ascomycota","Sordariomycetes","Sordariomycetes_X","Sordariomycetes_X_X","Sordariomycetes_X_X_X","Sordariomycetes_X_X_X_X"
"ASV_809","Fungi","LKM15","LKM15_X","LKM15_X_X","LKM15_X_X_X","LKM15_X_X_X_X","uncultured_fungus"
"ASV_898","Fungi","Ascomycota","Ascomycota_X","Ascomycota_X_X","Ascomycota_X_X_X","Ascomycota_X_X_X_X","Ascomycota_X_X_X_X_X"
"ASV_278","Fungi","Ascomycota","Sordariomycetes","Hypocreales","Hypocreales_X","Hypocreales_X_X","Hypocreales_X_X_X"
"ASV_681","Fungi","Ascomycota","Sordariomycetes","Sordariales","Sordariaceae","Neurospora","fungal_sp._J21_ZM-2014"
"ASV_639","Fungi","Ascomycota","Ascomycota_X","Ascomycota_X_X","Ascomycota_X_X_X","Ascomycota_X_X_X_X","Ascomycota_X_X_X_X_X"
"ASV_574","Fungi","Ascomycota","Sordariomycetes","Sordariomycetes_X","Sordariomycetes_X_X","Sordariomycetes_X_X_X","Sordariomycetes_X_X_X_X"
"ASV_493","Fungi","Ascomycota","Ascomycota_X","Ascomycota_X_X","Ascomycota_X_X_X","Ascomycota_X_X_X_X","Ascomycota_X_X_X_X_X"
"ASV_683","Fungi","Ascomycota","Ascomycota_X","Ascomycota_X_X","Ascomycota_X_X_X","Ascomycota_X_X_X_X","Ascomycota_X_X_X_X_X"
"ASV_296","Fungi","Ascomycota","Sordariomycetes","Sordariomycetes_X","Sordariomycetes_X_X","Sordariomycetes_X_X_X","Sordariomycetes_X_X_X_X"
"ASV_332","Fungi","Ascomycota","Sordariomycetes","Sordariales","Sordariales_X","Sordariales_X_X","Sordariales_X_X_X"
"ASV_527","Fungi","Ascomycota","Sordariomycetes","Hypocreales","Incertae_Sedis","Sarocladium","Acremonium_sp._HAW-OCF3"
"ASV_299","Fungi","Ascomycota","Eurotiomycetes","Eurotiales","Eurotiales_X","Eurotiales_X_X","Eurotiales_X_X_X"
"ASV_590","Fungi","Ascomycota","Ascomycota_X","Ascomycota_X_X","Ascomycota_X_X_X","Ascomycota_X_X_X_X","Ascomycota_X_X_X_X_X"
"ASV_579","Fungi","Ascomycota","Ascomycota_X","Ascomycota_X_X","Ascomycota_X_X_X","Ascomycota_X_X_X_X","Ascomycota_X_X_X_X_X"
"ASV_752","Fungi","Ascomycota","Ascomycota_X","Ascomycota_X_X","Ascomycota_X_X_X","Ascomycota_X_X_X_X","Ascomycota_X_X_X_X_X"
"ASV_352","Fungi","Ascomycota","Eurotiomycetes","Onygenales","Onygenales_X","Onygenales_X_X","Onygenales_X_X_X"
"ASV_386","Fungi","Basidiomycota","Tremellomycetes","Tremellales","Tremellales_X","Tremellales_X_X","Tremellales_X_X_X"
"ASV_658","Fungi","Ascomycota","Sordariomycetes","Sordariales","Sordariales_X","Sordariales_X_X","Sordariales_X_X_X"
"ASV_467","Fungi","Ascomycota","Sordariomycetes","Hypocreales","Hypocreales_X","Hypocreales_X_X","Graphium_sp._UCR2300"
"ASV_603","Fungi","Ascomycota","Sordariomycetes","Sordariomycetes_X","Sordariomycetes_X_X","Sordariomycetes_X_X_X","Sordariomycetes_X_X_X_X"
"ASV_389","Fungi","Basidiomycota","Agaricomycetes","Agaricales","Agaricales_X","Agaricales_X_X","Agaricales_X_X_X"
"ASV_300","Fungi","Ascomycota","Sordariomycetes","Sordariales","Incertae_Sedis","Carpoligna","Pleurothecium_recurvatum"
"ASV_427","Fungi","Ascomycota","Ascomycota_X","Ascomycota_X_X","Ascomycota_X_X_X","Ascomycota_X_X_X_X","Ascomycota_X_X_X_X_X"
"ASV_334","Fungi","Ascomycota","Sordariomycetes","Hypocreales","Clavicipitaceae","Clavicipitaceae_X","Clavicipitaceae_X_X"
"ASV_451","Fungi","Ascomycota","Sordariomycetes","Sordariomycetes_X","Sordariomycetes_X_X","Sordariomycetes_X_X_X","Sordariomycetes_X_X_X_X"
"ASV_501","Fungi","Ascomycota","Eurotiomycetes","Eurotiales","Eurotiales_X","Eurotiales_X_X","Eurotiales_X_X_X"
"ASV_890","Fungi","Ascomycota","Sordariomycetes","Sordariomycetes_X","Sordariomycetes_X_X","Sordariomycetes_X_X_X","Sordariomycetes_X_X_X_X"
"ASV_348","Fungi","Ascomycota","Sordariomycetes","Sordariales","Incertae_Sedis","Conioscypha","Conioscypha_japonica"
"ASV_457","Fungi","Fungi_X","Fungi_X_X","Fungi_X_X_X","Fungi_X_X_X_X","Fungi_X_X_X_X_X","Fungi_X_X_X_X_X_X"
"ASV_718","Fungi","Ascomycota","Dothideomycetes","Pleosporales","Pleosporales_X","Pleosporales_X_X","Pleosporales_X_X_X"
"ASV_373","Fungi","Ascomycota","Leotiomycetes","Helotiales","Sclerotiniaceae","Botrytis","Monilinia_laxa"
"ASV_944","Fungi","Ascomycota","Ascomycota_X","Ascomycota_X_X","Ascomycota_X_X_X","Ascomycota_X_X_X_X","Ascomycota_X_X_X_X_X"
"ASV_434","Fungi","Ascomycota","Ascomycota_X","Ascomycota_X_X","Ascomycota_X_X_X","Ascomycota_X_X_X_X","Ascomycota_X_X_X_X_X"
"ASV_470","Fungi","Ascomycota","Ascomycota_X","Ascomycota_X_X","Ascomycota_X_X_X","Ascomycota_X_X_X_X","Ascomycota_X_X_X_X_X"
"ASV_609","Fungi","Basidiomycota","Agaricomycetes","Agaricomycetes_X","Agaricomycetes_X_X","Agaricomycetes_X_X_X","Agaricomycetes_X_X_X_X"
"ASV_549","Fungi","Ascomycota","Ascomycota_X","Ascomycota_X_X","Ascomycota_X_X_X","Ascomycota_X_X_X_X","Ascomycota_X_X_X_X_X"
"ASV_367","Fungi","Ascomycota","Eurotiomycetes","Eurotiales","Eurotiales_X","Eurotiales_X_X","Aspergillus_sp._PSFNRH-2"
"ASV_306","Fungi","Ascomycota","Ascomycota_X","Ascomycota_X_X","Ascomycota_X_X_X","Ascomycota_X_X_X_X","Ascomycota_X_X_X_X_X"
"ASV_433","Fungi","Basidiomycota","Agaricomycetes","Trechisporales","Hydnodontaceae","Trechispora","Trechispora_alnicola"
"ASV_657","Fungi","Ascomycota","Eurotiomycetes","Eurotiomycetes_X","Eurotiomycetes_X_X","Eurotiomycetes_X_X_X","Eurotiomycetes_X_X_X_X"
"ASV_349","Fungi","Basidiomycota","Agaricomycetes","Agaricomycetes_X","Agaricomycetes_X_X","Agaricomycetes_X_X_X","Agaricomycetes_X_X_X_X"
"ASV_326","Fungi","Incertae_Sedis","Incertae_Sedis_X","Zoopagales","Zoopagales_X","Zoopagales_X_X","uncultured_Eimeriidae"
"ASV_760","Fungi","Ascomycota","Ascomycota_X","Ascomycota_X_X","Ascomycota_X_X_X","Ascomycota_X_X_X_X","Ascomycota_X_X_X_X_X"
"ASV_344","Fungi","Incertae_Sedis","Incertae_Sedis","Mortierellales","Mortierellales_X","Mortierellales_X_X","Mortierellales_X_X_X"
"ASV_355","Fungi","Basidiomycota","Agaricostilbomycetes","Agaricostilbales","Agaricostilbaceae","Bensingtonia","Sporobolomyces_sp._B9"
"ASV_551","Fungi","Ascomycota","Sordariomycetes","Sordariales","Sordariales_X","Sordariales_X_X","Sordariales_X_X_X"
"ASV_622","Fungi","Ascomycota","Sordariomycetes","Sordariomycetes_X","Sordariomycetes_X_X","Sordariomycetes_X_X_X","Sordariomycetes_X_X_X_X"
"ASV_351","Fungi","Ascomycota","Orbiliomycetes","Orbiliales","Orbiliaceae","Orbiliaceae_X","Orbiliaceae_X_X"
"ASV_359","Fungi","Fungi_X","Fungi_X_X","Fungi_X_X_X","Fungi_X_X_X_X","Fungi_X_X_X_X_X","Fungi_X_X_X_X_X_X"
"ASV_375","Fungi","Ascomycota","Sordariomycetes","Sordariomycetes_X","Sordariomycetes_X_X","Sordariomycetes_X_X_X","Sordariomycetes_X_X_X_X"
"ASV_388","Fungi","Fungi_X","Fungi_X_X","Fungi_X_X_X","Fungi_X_X_X_X","Fungi_X_X_X_X_X","Fungi_X_X_X_X_X_X"
"ASV_922","Fungi","Ascomycota","Eurotiomycetes","Eurotiales","Eurotiales_X","Eurotiales_X_X","Eurotiales_X_X_X"
"ASV_547","Fungi","Ascomycota","Sordariomycetes","Sordariales","Incertae_Sedis","Incertae_Sedis_X","Incertae_Sedis_X_X"
"ASV_405","Fungi","Ascomycota","Ascomycota_X","Ascomycota_X_X","Ascomycota_X_X_X","Ascomycota_X_X_X_X","Ascomycota_X_X_X_X_X"
"ASV_485","Fungi","Basidiomycota","Agaricomycetes","Agaricomycetes_X","Agaricomycetes_X_X","Agaricomycetes_X_X_X","Agaricomycetes_X_X_X_X"
"ASV_353","Fungi","Ascomycota","Dothideomycetes","Dothideomycetes_X","Dothideomycetes_X_X","Dothideomycetes_X_X_X","Dothideomycetes_X_X_X_X"
"ASV_615","Fungi","Ascomycota","Sordariomycetes","Sordariales","Sordariales_X","Sordariales_X_X","Sordariales_X_X_X"
"ASV_531","Fungi","Basidiomycota","Agaricomycetes","Agaricomycetes_X","Agaricomycetes_X_X","Agaricomycetes_X_X_X","Agaricomycetes_X_X_X_X"
"ASV_594","Fungi","Fungi_X","Fungi_X_X","Fungi_X_X_X","Fungi_X_X_X_X","Fungi_X_X_X_X_X","Fungi_X_X_X_X_X_X"
"ASV_810","Fungi","Ascomycota","Dothideomycetes","Dothideomycetes_X","Dothideomycetes_X_X","Dothideomycetes_X_X_X","Dothideomycetes_X_X_X_X"
"ASV_328","Fungi","Ascomycota","Dothideomycetes","Pleosporales","Pleosporales_X","Pleosporales_X_X","Pleosporales_X_X_X"
"ASV_407","Fungi","Basidiomycota","Agaricomycetes","Agaricomycetes_X","Agaricomycetes_X_X","Agaricomycetes_X_X_X","uncultured_marine_eukaryote"
"ASV_820","Fungi","Ascomycota","Sordariomycetes","Hypocreales","Hypocreales_X","Hypocreales_X_X","Hypocreales_X_X_X"
"ASV_368","Fungi","Fungi_X","Fungi_X_X","Fungi_X_X_X","Fungi_X_X_X_X","Fungi_X_X_X_X_X","Fungi_X_X_X_X_X_X"
"ASV_474","Fungi","Ascomycota","Ascomycota_X","Ascomycota_X_X","Ascomycota_X_X_X","Ascomycota_X_X_X_X","Ascomycota_X_X_X_X_X"
"ASV_455","Fungi","Ascomycota","Eurotiomycetes","Eurotiales","Eurotiales_X","Eurotiales_X_X","Eurotiales_X_X_X"
"ASV_754","Fungi","Ascomycota","Ascomycota_X","Ascomycota_X_X","Ascomycota_X_X_X","Ascomycota_X_X_X_X","Ascomycota_X_X_X_X_X"
"ASV_518","Fungi","Ascomycota","Ascomycota_X","Ascomycota_X_X","Ascomycota_X_X_X","Ascomycota_X_X_X_X","Ascomycota_X_X_X_X_X"
"ASV_873","Fungi","Ascomycota","Dothideomycetes","Dothideomycetes_X","Dothideomycetes_X_X","Dothideomycetes_X_X_X","Dothideomycetes_X_X_X_X"
"ASV_891","Fungi","Ascomycota","Ascomycota_X","Ascomycota_X_X","Ascomycota_X_X_X","Ascomycota_X_X_X_X","Ascomycota_X_X_X_X_X"
"ASV_559","Fungi","Fungi_X","Fungi_X_X","Fungi_X_X_X","Fungi_X_X_X_X","Fungi_X_X_X_X_X","Fungi_X_X_X_X_X_X"
"ASV_864","Fungi","Ascomycota","Sordariomycetes","Sordariomycetes_X","Sordariomycetes_X_X","Sordariomycetes_X_X_X","Sordariomycetes_X_X_X_X"
"ASV_315","Fungi","Chytridiomycota","Chytridiomycetes","Rhizophydiales","Kappamycetaceae","Kappamyces","Kappamyces_laurelensis"
"ASV_365","Fungi","Ascomycota","Orbiliomycetes","Orbiliales","Orbiliaceae","Orbiliaceae_X","Orbiliaceae_X_X"
"ASV_450","Fungi","Basidiomycota","Agaricomycetes","Boletales","Sclerodermataceae","Pisolithus","Pisolithus_arhizus"
"ASV_396","Fungi","Chytridiomycota","Chytridiomycetes","Chytridiomycetes_X","Chytridiomycetes_X_X","Chytridiomycetes_X_X_X","Chytridiomycetes_X_X_X_X"
"ASV_578","Fungi","Basidiomycota","Agaricomycetes","Agaricomycetes_X","Agaricomycetes_X_X","Agaricomycetes_X_X_X","Agaricomycetes_X_X_X_X"
"ASV_364","Fungi","Chytridiomycota","Chytridiomycetes","Rhizophlyctidales","Rhizophlyctidales_X","Rhizophlyctidales_X_X","Rhizophlyctidales_X_X_X"
"ASV_362","Fungi","Chytridiomycota","Chytridiomycetes","Polychytriales","Incertae_Sedis","Incertae_Sedis_X","Incertae_Sedis_X_X"
"ASV_399","Fungi","Ascomycota","Ascomycota_X","Ascomycota_X_X","Ascomycota_X_X_X","Ascomycota_X_X_X_X","Ascomycota_X_X_X_X_X"
"ASV_340","Fungi","Chytridiomycota","Chytridiomycetes","Rhizophydiales","Kappamycetaceae","Kappamyces","Kappamyces_laurelensis"
"ASV_570","Fungi","Fungi_X","Fungi_X_X","Fungi_X_X_X","Fungi_X_X_X_X","Fungi_X_X_X_X_X","Fungi_X_X_X_X_X_X"
"ASV_593","Fungi","Ascomycota","Eurotiomycetes","Onygenales","Onygenales_X","Onygenales_X_X","Onygenales_X_X_X"
"ASV_723","Fungi","Ascomycota","Eurotiomycetes","Eurotiales","Eurotiales_X","Eurotiales_X_X","uncultured_eukaryote"
"ASV_953","Fungi","Ascomycota","Ascomycota_X","Ascomycota_X_X","Ascomycota_X_X_X","Ascomycota_X_X_X_X","Ascomycota_X_X_X_X_X"
"ASV_426","Fungi","Ascomycota","Saccharomycetes","Saccharomycetales","Saccharomycetales_X","Saccharomycetales_X_X","uncultured_eukaryote"
"ASV_509","Fungi","Ascomycota","Ascomycota_X","Ascomycota_X_X","Ascomycota_X_X_X","Ascomycota_X_X_X_X","Ascomycota_X_X_X_X_X"
"ASV_534","Fungi","Ascomycota","Saccharomycetes","Saccharomycetales","Wickerhamomyceteae","Barnettozyma","Barnettozyma_X"
"ASV_486","Fungi","Incertae_Sedis","Incertae_Sedis_X","Zoopagales","Zoopagales_X","Zoopagales_X_X","uncultured_fungus"
"ASV_425","Fungi","Incertae_Sedis","Incertae_Sedis_X","Zoopagales","Cochlonemataceae","Cochlonema","Cochlonema_euryblastum"
"ASV_728","Fungi","Ascomycota","Sordariomycetes","Sordariomycetes_X","Sordariomycetes_X_X","Sordariomycetes_X_X_X","Sordariomycetes_X_X_X_X"
"ASV_478","Fungi","Ascomycota","Pezizomycetes","Pezizales","Pyronemataceae","Rhodoscypha","Rhodoscypha_ovilla"
"ASV_526","Fungi","Basidiomycota","Agaricomycetes","Agaricomycetes_X","Agaricomycetes_X_X","Agaricomycetes_X_X_X","Agaricomycetes_X_X_X_X"
"ASV_448","Fungi","Basidiomycota","Agaricomycetes","Agaricomycetes_X","Agaricomycetes_X_X","Agaricomycetes_X_X_X","Agaricomycetes_X_X_X_X"
"ASV_792","Fungi","Ascomycota","Dothideomycetes","Acrospermales","Acrospermaceae","Acrospermum","Acrospermum_X"
"ASV_463","Fungi","Ascomycota","Sordariomycetes","Sordariomycetes_X","Sordariomycetes_X_X","Sordariomycetes_X_X_X","Sordariomycetes_X_X_X_X"
"ASV_719","Fungi","Basidiomycota","Agaricomycetes","Agaricomycetes_X","Agaricomycetes_X_X","Agaricomycetes_X_X_X","Agaricomycetes_X_X_X_X"
"ASV_955","Fungi","Ascomycota","Sordariomycetes","Sordariales","Sordariales_X","Sordariales_X_X","Sordariales_X_X_X"
"ASV_522","Fungi","Ascomycota","Saccharomycetes","Saccharomycetales","Saccharomycetales_X","Saccharomycetales_X_X","Saccharomycetales_X_X_X"
"ASV_614","Fungi","Basidiomycota","Microbotryomycetes","Sporidiobolales","Incertae_Sedis","Incertae_Sedis_X","uncultured_eukaryote"
"ASV_756","Fungi","Ascomycota","Sordariomycetes","Sordariomycetes_X","Sordariomycetes_X_X","Sordariomycetes_X_X_X","Sordariomycetes_X_X_X_X"
"ASV_521","Fungi","Ascomycota","Incertae_Sedis","Incertae_Sedis","Incertae_Sedis","Ochroconis","Ochroconis_X"
"ASV_479","Fungi","Basidiomycota","Agaricomycetes","Agaricomycetes_X","Agaricomycetes_X_X","Agaricomycetes_X_X_X","Agaricomycetes_X_X_X_X"
"ASV_927","Fungi","Ascomycota","Sordariomycetes","Sordariomycetes_X","Sordariomycetes_X_X","Sordariomycetes_X_X_X","Sordariomycetes_X_X_X_X"
"ASV_589","Fungi","Fungi_X","Fungi_X_X","Fungi_X_X_X","Fungi_X_X_X_X","Fungi_X_X_X_X_X","Fungi_X_X_X_X_X_X"
"ASV_408","Fungi","Chytridiomycota","Chytridiomycetes","Chytridiomycetes_X","Chytridiomycetes_X_X","Chytridiomycetes_X_X_X","Chytridiomycetes_X_X_X_X"
"ASV_919","Fungi","Basidiomycota","Pucciniomycetes","Platygloeales","Platygloeaceae","Platygloeaceae_X","Platygloeaceae_X_X"
"ASV_419","Fungi","Basidiomycota","Agaricomycetes","Agaricomycetes_X","Agaricomycetes_X_X","Agaricomycetes_X_X_X","Agaricomycetes_X_X_X_X"
"ASV_466","Fungi","Incertae_Sedis","Incertae_Sedis_X","Zoopagales","Cochlonemataceae","Cochlonema","Cochlonema_euryblastum"
"ASV_577","Fungi","Ascomycota","Pezizomycetes","Pezizales","Pezizales_X","Pezizales_X_X","Pezizales_X_X_X"
"ASV_429","Fungi","Incertae_Sedis","Incertae_Sedis","Mortierellales","Mortierellales_X","Mortierellales_X_X","Mortierellales_X_X_X"
"ASV_444","Fungi","Ascomycota","Dothideomycetes","Pleosporales","Pleosporales_X","Pleosporales_X_X","Pleosporales_X_X_X"
"ASV_857","Fungi","Ascomycota","Laboulbeniomycetes","Pyxidiophorales","Pyxidiophoraceae","Pyxidiophora","Pyxidiophora_arvernensis"
"ASV_699","Fungi","Ascomycota","Dothideomycetes","Dothideomycetes_X","Dothideomycetes_X_X","Dothideomycetes_X_X_X","Dothideomycetes_X_X_X_X"
"ASV_710","Fungi","Ascomycota","Sordariomycetes","Sordariomycetes_X","Sordariomycetes_X_X","Sordariomycetes_X_X_X","Sordariomycetes_X_X_X_X"
"ASV_582","Fungi","Ascomycota","Sordariomycetes","Sordariomycetes_X","Sordariomycetes_X_X","Sordariomycetes_X_X_X","Sordariomycetes_X_X_X_X"
"ASV_506","Fungi","Ascomycota","Sordariomycetes","Hypocreales","Hypocreales_X","Hypocreales_X_X","Hypocreales_X_X_X"
"ASV_844","Fungi","Ascomycota","Sordariomycetes","Sordariales","Incertae_Sedis","Carpoligna","Pleurothecium_recurvatum"
"ASV_631","Fungi","Ascomycota","Sordariomycetes","Hypocreales","Hypocreales_X","Hypocreales_X_X","Hypocreales_X_X_X"
"ASV_840","Fungi","Ascomycota","Dothideomycetes","Pleosporales","Pleosporales_X","Pleosporales_X_X","fungal_sp._L18_KJO-2011"
"ASV_442","Fungi","Ascomycota","Sordariomycetes","Hypocreales","Hypocreales_X","Hypocreales_X_X","Hypocreales_X_X_X"
"ASV_856","Fungi","Ascomycota","Ascomycota_X","Ascomycota_X_X","Ascomycota_X_X_X","Ascomycota_X_X_X_X","Ascomycota_X_X_X_X_X"
"ASV_729","Fungi","Fungi_X","Fungi_X_X","Fungi_X_X_X","Fungi_X_X_X_X","Fungi_X_X_X_X_X","Fungi_X_X_X_X_X_X"
"ASV_762","Fungi","Ascomycota","Dothideomycetes","Pleosporales","Pleosporales_X","Pleosporales_X_X","Pleosporales_X_X_X"
"ASV_791","Fungi","Ascomycota","Sordariomycetes","Sordariomycetes_X","Sordariomycetes_X_X","Sordariomycetes_X_X_X","Sordariomycetes_X_X_X_X"
"ASV_916","Fungi","Basidiomycota","Tremellomycetes","Tremellales","Tremellales_X","Tremellales_X_X","Tremellales_X_X_X"
"ASV_666","Fungi","Incertae_Sedis","Incertae_Sedis_X","Zoopagales","Cochlonemataceae","Cochlonema","Cochlonema_euryblastum"
"ASV_376","Fungi","Incertae_Sedis","Incertae_Sedis_X","Zoopagales","Zoopagales_X","Zoopagales_X_X","uncultured_eukaryote"
"ASV_591","Fungi","Ascomycota","Dothideomycetes","Pleosporales","Pleosporales_X","Pleosporales_X_X","Pleosporales_X_X_X"
"ASV_496","Fungi","Ascomycota","Sordariomycetes","Sordariales","Sordariales_X","Sordariales_X_X","Sordariales_X_X_X"
"ASV_633","Fungi","Ascomycota","Saccharomycetes","Saccharomycetales","Dipodascaceae","Galactomyces","Geotrichum_candidum"
"ASV_692","Fungi","Basidiomycota","Agaricomycetes","Phallales","Phallaceae","Phallus","Phallus_hadriani"
"ASV_481","Fungi","Ascomycota","Ascomycota_X","Ascomycota_X_X","Ascomycota_X_X_X","Ascomycota_X_X_X_X","Ascomycota_X_X_X_X_X"
"ASV_475","Fungi","Chytridiomycota","Chytridiomycetes","Chytridiomycetes_X","Chytridiomycetes_X_X","Chytridiomycetes_X_X_X","Chytridiomycetes_X_X_X_X"
"ASV_646","Fungi","Ascomycota","Dothideomycetes","Capnodiales","Capnodiales_X","Capnodiales_X_X","Capnodiales_X_X_X"
"ASV_546","Fungi","Ascomycota","Sordariomycetes","Hypocreales","Hypocreales_X","Hypocreales_X_X","Hypocreales_X_X_X"
"ASV_893","Fungi","Ascomycota","Dothideomycetes","Pleosporales","Pleosporales_X","Pleosporales_X_X","unidentified"
"ASV_753","Fungi","Ascomycota","Eurotiomycetes","Chaetothyriales","Chaetothyriales_X","Chaetothyriales_X_X","Chaetothyriales_X_X_X"
"ASV_755","Fungi","LKM15","LKM15_X","LKM15_X_X","LKM15_X_X_X","LKM15_X_X_X_X","uncultured_fungus"
"ASV_495","Fungi","Ascomycota","Ascomycota_X","Ascomycota_X_X","Ascomycota_X_X_X","Ascomycota_X_X_X_X","Ascomycota_X_X_X_X_X"
"ASV_538","Fungi","Incertae_Sedis","Incertae_Sedis_X","Zoopagales","Zoopagales_X","Zoopagales_X_X","uncultured_Eimeriidae"
"ASV_423","Fungi","Ascomycota","Incertae_Sedis","Incertae_Sedis","Incertae_Sedis","Ochroconis","Ochroconis_olivacea"
"ASV_473","Fungi","Ascomycota","Ascomycota_X","Ascomycota_X_X","Ascomycota_X_X_X","Ascomycota_X_X_X_X","Ascomycota_X_X_X_X_X"
"ASV_484","Fungi","Ascomycota","Sordariomycetes","Microascales","Microascales_X","Microascales_X_X","Microascales_X_X_X"
"ASV_507","Fungi","Fungi_X","Fungi_X_X","Fungi_X_X_X","Fungi_X_X_X_X","Fungi_X_X_X_X_X","Fungi_X_X_X_X_X_X"
"ASV_452","Fungi","Ascomycota","Dothideomycetes","Pleosporales","Pleosporales_X","Pleosporales_X_X","Pleosporales_X_X_X"
"ASV_520","Fungi","Basidiomycota","Agaricomycetes","Boletales","Serpulaceae","Serpula","Serpula_similis"
"ASV_806","Fungi","Basidiomycota","Agaricomycetes","Geastrales","Geastrales_X","Geastrales_X_X","Geastrales_X_X_X"
"ASV_911","Fungi","Ascomycota","Dothideomycetes","Pleosporales","Pleosporales_X","Pleosporales_X_X","Pleosporales_X_X_X"
"ASV_461","Fungi","Ascomycota","Dothideomycetes","Pleosporales","Pleosporales_X","Pleosporales_X_X","Pleosporales_X_X_X"
"ASV_563","Fungi","Chytridiomycota","Chytridiomycetes","Chytridiomycetes_X","Chytridiomycetes_X_X","Chytridiomycetes_X_X_X","Chytridiomycetes_X_X_X_X"
"ASV_624","Fungi","Ascomycota","Saccharomycetes","Saccharomycetales","Saccharomycetaceae","Pichia","Pichia_X"
"ASV_815","Fungi","Incertae_Sedis","Incertae_Sedis","Endogonales","Endogonales_X","Endogonales_X_X","Endogonales_X_X_X"
"ASV_472","Fungi","Basidiomycota","Agaricomycetes","Trechisporales","Hydnodontaceae","Hydnodontaceae_X","Hydnodontaceae_X_X"
"ASV_413","Fungi","Ascomycota","Sordariomycetes","Sordariomycetes_X","Sordariomycetes_X_X","Sordariomycetes_X_X_X","Sordariomycetes_X_X_X_X"
"ASV_825","Fungi","Basidiomycota","Agaricomycetes","Agaricales","Agaricales_X","Agaricales_X_X","Agaricales_X_X_X"
"ASV_562","Fungi","Ascomycota","Pezizomycetes","Pezizales","Ascobolaceae","Saccobolus","uncultured_fungus"
"ASV_672","Fungi","Fungi_X","Fungi_X_X","Fungi_X_X_X","Fungi_X_X_X_X","Fungi_X_X_X_X_X","Fungi_X_X_X_X_X_X"
"ASV_601","Fungi","Ascomycota","Pezizomycetes","Pezizales","Pezizaceae","Pezizaceae_X","Pezizaceae_X_X"
"ASV_471","Fungi","Incertae_Sedis","Incertae_Sedis","Mortierellales","Mortierellales_X","Mortierellales_X_X","Mortierella_sp._MS-6"
"ASV_725","Fungi","Ascomycota","Incertae_Sedis","Incertae_Sedis","Incertae_Sedis","Calcarisporiella","Calcarisporiella_thermophila"
"ASV_515","Fungi","Ascomycota","Eurotiomycetes","Onygenales","Gymnoascaceae","Gymnascella","Gymnascella_hyalinospora"
"ASV_595","Fungi","Basidiomycota","Exobasidiomycetes","Exobasidiales","Exobasidiales_X","Exobasidiales_X_X","uncultured_marine_eukaryote"
"ASV_523","Fungi","Ascomycota","Dothideomycetes","Pleosporales","Pleosporales_X","Pleosporales_X_X","Pleosporales_X_X_X"
"ASV_736","Fungi","Ascomycota","Ascomycota_X","Ascomycota_X_X","Ascomycota_X_X_X","Ascomycota_X_X_X_X","Ascomycota_X_X_X_X_X"
"ASV_669","Fungi","Chytridiomycota","Chytridiomycetes","Chytridiomycetes_X","Chytridiomycetes_X_X","Chytridiomycetes_X_X_X","Chytridiomycetes_X_X_X_X"
"ASV_516","Fungi","Basidiomycota","Tremellomycetes","Tremellales","Incertae_Sedis","Hannaella","Hannaella_X"
"ASV_875","Fungi","Ascomycota","Eurotiomycetes","Onygenales","Onygenales_X","Onygenales_X_X","Onygenales_X_X_X"
"ASV_628","Fungi","Basidiomycota","Agaricomycetes","Russulales","Lachnocladiaceae","Lachnocladiaceae_X","Lachnocladiaceae_X_X"
"ASV_732","Fungi","Fungi_X","Fungi_X_X","Fungi_X_X_X","Fungi_X_X_X_X","Fungi_X_X_X_X_X","Fungi_X_X_X_X_X_X"
"ASV_621","Fungi","Ascomycota","Pezizomycetes","Pezizales","Pezizales_X","Pezizales_X_X","Pezizales_X_X_X"
"ASV_900","Fungi","Ascomycota","Ascomycota_X","Ascomycota_X_X","Ascomycota_X_X_X","Ascomycota_X_X_X_X","Ascomycota_X_X_X_X_X"
"ASV_636","Fungi","Fungi_X","Fungi_X_X","Fungi_X_X_X","Fungi_X_X_X_X","Fungi_X_X_X_X_X","Fungi_X_X_X_X_X_X"
"ASV_734","Fungi","Basidiomycota","Agaricomycetes","Agaricomycetes_X","Agaricomycetes_X_X","Agaricomycetes_X_X_X","Agaricomycetes_X_X_X_X"
"ASV_870","Fungi","Incertae_Sedis","Incertae_Sedis_X","Zoopagales","Piptocephalidaceae","Syncephalis","Syncephalis_depressa"
"ASV_678","Fungi","Ascomycota","Sordariomycetes","Hypocreales","Hypocreales_X","Hypocreales_X_X","Hypocreales_X_X_X"
"ASV_480","Fungi","Ascomycota","Ascomycota_X","Ascomycota_X_X","Ascomycota_X_X_X","Ascomycota_X_X_X_X","Ascomycota_X_X_X_X_X"
"ASV_868","Fungi","Incertae_Sedis","Incertae_Sedis_X","Zoopagales","Zoopagales_X","Zoopagales_X_X","Zoopagales_X_X_X"
"ASV_860","Fungi","Basidiomycota","Agaricomycetes","Agaricomycetes_X","Agaricomycetes_X_X","Agaricomycetes_X_X_X","Agaricomycetes_X_X_X_X"
"ASV_645","Fungi","Blastocladiomycota","Blastocladiomycetes","Blastocladiales","Blastocladiales_X","Blastocladiales_X_X","Coelomomyces_quadrangulatus"
"ASV_758","Fungi","Ascomycota","Sordariomycetes","Sordariomycetes_X","Sordariomycetes_X_X","Sordariomycetes_X_X_X","Sordariomycetes_X_X_X_X"
"ASV_768","Fungi","Fungi_X","Fungi_X_X","Fungi_X_X_X","Fungi_X_X_X_X","Fungi_X_X_X_X_X","Fungi_X_X_X_X_X_X"
"ASV_876","Fungi","Ascomycota","Sordariomycetes","Sordariales","Incertae_Sedis","Incertae_Sedis_X","Incertae_Sedis_X_X"
"ASV_494","Fungi","Ascomycota","Eurotiomycetes","Eurotiales","Eurotiales_X","Eurotiales_X_X","Acremonium_sp._I18-1"
"ASV_862","Fungi","Incertae_Sedis","Incertae_Sedis","Kickxellales","Kickxellaceae","Spiromyces","Spiromyces_X"
"ASV_904","Fungi","Ascomycota","Sordariomycetes","Microascales","Microascales_X","Microascales_X_X","Microascales_X_X_X"
"ASV_660","Fungi","Incertae_Sedis","Incertae_Sedis","Endogonales","Endogonales_X","Endogonales_X_X","Mucoromycotina_sp._WR148.B-B"
"ASV_540","Fungi","Ascomycota","Pezizomycetes","Pezizales","Ascobolaceae","uncultured","uncultured_eukaryote"
"ASV_889","Fungi","Basidiomycota","Agaricomycetes","Agaricomycetes_X","Agaricomycetes_X_X","Agaricomycetes_X_X_X","Agaricomycetes_X_X_X_X"
"ASV_884","Fungi","Fungi_X","Fungi_X_X","Fungi_X_X_X","Fungi_X_X_X_X","Fungi_X_X_X_X_X","Fungi_X_X_X_X_X_X"
"ASV_618","Fungi","Ascomycota","Dothideomycetes","Capnodiales","Mycosphaerellaceae","Uwebraunia","Uwebraunia_X"
"ASV_462","Fungi","Ascomycota","Dothideomycetes","Pleosporales","Pleosporales_X","Pleosporales_X_X","Pleosporales_X_X_X"
"ASV_899","Fungi","Ascomycota","Sordariomycetes","Sordariomycetes_X","Sordariomycetes_X_X","Sordariomycetes_X_X_X","Sordariomycetes_X_X_X_X"
"ASV_765","Fungi","Fungi_X","Fungi_X_X","Fungi_X_X_X","Fungi_X_X_X_X","Fungi_X_X_X_X_X","Fungi_X_X_X_X_X_X"
"ASV_696","Fungi","Ascomycota","Sordariomycetes","Sordariomycetes_X","Sordariomycetes_X_X","Sordariomycetes_X_X_X","Sordariomycetes_X_X_X_X"
"ASV_612","Fungi","Basidiomycota","Agaricomycetes","Agaricomycetes_X","Agaricomycetes_X_X","Agaricomycetes_X_X_X","uncultured_Banisveld_eukaryote"
"ASV_548","Fungi","Ascomycota","Ascomycota_X","Ascomycota_X_X","Ascomycota_X_X_X","Ascomycota_X_X_X_X","Ascomycota_X_X_X_X_X"
"ASV_556","Fungi","Ascomycota","Sordariomycetes","Sordariomycetes_X","Sordariomycetes_X_X","Sordariomycetes_X_X_X","Sordariomycetes_X_X_X_X"
"ASV_668","Fungi","Basidiomycota","Agaricomycetes","Agaricomycetes_X","Agaricomycetes_X_X","Agaricomycetes_X_X_X","Agaricomycetes_X_X_X_X"
"ASV_560","Fungi","Ascomycota","Ascomycota_X","Ascomycota_X_X","Ascomycota_X_X_X","Ascomycota_X_X_X_X","Ascomycota_X_X_X_X_X"
"ASV_777","Fungi","Basidiomycota","Agaricomycetes","Agaricomycetes_X","Agaricomycetes_X_X","Agaricomycetes_X_X_X","Agaricomycetes_X_X_X_X"
"ASV_703","Fungi","Fungi_X","Fungi_X_X","Fungi_X_X_X","Fungi_X_X_X_X","Fungi_X_X_X_X_X","Fungi_X_X_X_X_X_X"
"ASV_854","Fungi","Ascomycota","Eurotiomycetes","Eurotiales","Eurotiales_X","Eurotiales_X_X","Eurotiales_X_X_X"
"ASV_831","Fungi","Ascomycota","Pezizomycetes","Pezizales","Pyronemataceae","Pyronemataceae_X","Pyronemataceae_X_X"
"ASV_818","Fungi","Ascomycota","Sordariomycetes","Xylariales","Incertae_Sedis","Flammispora","Flammispora_bioteca"
"ASV_677","Fungi","Ascomycota","Ascomycota_X","Ascomycota_X_X","Ascomycota_X_X_X","Ascomycota_X_X_X_X","Ascomycota_X_X_X_X_X"
"ASV_635","Fungi","Incertae_Sedis","Incertae_Sedis","Endogonales","Endogonales_X","Endogonales_X_X","Endogonales_X_X_X"
"ASV_724","Fungi","Ascomycota","Dothideomycetes","Pleosporales","Pleosporales_X","Pleosporales_X_X","Pleosporales_X_X_X"
"ASV_877","Fungi","Ascomycota","Sordariomycetes","Sordariomycetes_X","Sordariomycetes_X_X","Sordariomycetes_X_X_X","Sordariomycetes_X_X_X_X"
"ASV_866","Fungi","Ascomycota","Ascomycota_X","Ascomycota_X_X","Ascomycota_X_X_X","Ascomycota_X_X_X_X","Ascomycota_X_X_X_X_X"
"ASV_782","Fungi","Ascomycota","Sordariomycetes","Sordariomycetes_X","Sordariomycetes_X_X","Sordariomycetes_X_X_X","Sordariomycetes_X_X_X_X"
"ASV_841","Fungi","Ascomycota","Eurotiomycetes","Onygenales","Onygenales_X","Onygenales_X_X","Onygenales_X_X_X"
"ASV_805","Fungi","Glomeromycota","Glomeromycetes","Glomerales","Glomerales_X","Glomerales_X_X","Glomerales_X_X_X"
"ASV_558","Fungi","Ascomycota","Eurotiomycetes","Eurotiales","Eurotiales_X","Eurotiales_X_X","Penicillium_sp._MF376"
"ASV_949","Fungi","Fungi_X","Fungi_X_X","Fungi_X_X_X","Fungi_X_X_X_X","Fungi_X_X_X_X_X","Fungi_X_X_X_X_X_X"
"ASV_834","Fungi","Ascomycota","Laboulbeniomycetes","Pyxidiophorales","Pyxidiophoraceae","Pyxidiophora","Pyxidiophora_arvernensis"
"ASV_800","Fungi","Ascomycota","Sordariomycetes","Sordariales","Sordariaceae","Neurospora","fungal_sp._J21_ZM-2014"
"ASV_505","Fungi","Incertae_Sedis","Incertae_Sedis","Mortierellales","Mortierellales_X","Mortierellales_X_X","Mortierella_sp._MS-6"
"ASV_664","Fungi","Fungi_X","Fungi_X_X","Fungi_X_X_X","Fungi_X_X_X_X","Fungi_X_X_X_X_X","Fungi_X_X_X_X_X_X"
"ASV_742","Fungi","Ascomycota","Pezizomycetes","Pezizales","Pyronemataceae","Octospora","Octospora_X"
"ASV_910","Fungi","Ascomycota","Dothideomycetes","Capnodiales","Capnodiales_X","Capnodiales_X_X","Capnodiales_X_X_X"
"ASV_665","Fungi","Basidiomycota","Agaricomycetes","Agaricomycetes_X","Agaricomycetes_X_X","Agaricomycetes_X_X_X","Agaricomycetes_X_X_X_X"
"ASV_735","Fungi","Basidiomycota","Agaricomycetes","Boletales","Sclerodermataceae","Scleroderma","Scleroderma_citrinum"
"ASV_623","Fungi","Incertae_Sedis","Incertae_Sedis_X","Zoopagales","Zoopagales_X","Zoopagales_X_X","uncultured_eukaryote"
"ASV_940","Fungi","Ascomycota","Eurotiomycetes","Onygenales","Gymnoascaceae","Gymnoascaceae_X","Gymnoascaceae_X_X"
"ASV_837","Fungi","Basidiomycota","Tremellomycetes","Tremellales","Tremellales_X","Tremellales_X_X","uncultured_eukaryote"
"ASV_833","Fungi","Ascomycota","Ascomycota_X","Ascomycota_X_X","Ascomycota_X_X_X","Ascomycota_X_X_X_X","Ascomycota_X_X_X_X_X"
"ASV_801","Fungi","Ascomycota","Incertae_Sedis","Incertae_Sedis","Incertae_Sedis","Ochroconis","Ochroconis_X"
"ASV_545","Fungi","Incertae_Sedis","Incertae_Sedis","Mucorales","Mucorales_X","Mucorales_X_X","Gongronella_sp._xt-2009"
"ASV_693","Fungi","Incertae_Sedis","Incertae_Sedis_X","Zoopagales","Zoopagales_X","Zoopagales_X_X","uncultured_fungus"
"ASV_671","Fungi","Basidiomycota","Pucciniomycetes","Platygloeales","Platygloeaceae","Platygloeaceae_X","Platygloeaceae_X_X"
"ASV_928","Fungi","Ascomycota","Ascomycota_X","Ascomycota_X_X","Ascomycota_X_X_X","Ascomycota_X_X_X_X","Ascomycota_X_X_X_X_X"
"ASV_707","Fungi","Basidiomycota","Tremellomycetes","Tremellales","Incertae_Sedis","Hannaella","Hannaella_X"
"ASV_838","Fungi","Ascomycota","Saccharomycetes","Saccharomycetales","Incertae_Sedis","Candida","Candida_X"
"ASV_694","Fungi","Chytridiomycota","Chytridiomycetes","Rhizophydiales","uncultured","uncultured_X","uncultured_X_X"
"ASV_784","Fungi","Incertae_Sedis","Incertae_Sedis_X","Zoopagales","Zoopagales_X","Zoopagales_X_X","uncultured_Plakinidae_sp."
"ASV_931","Fungi","Incertae_Sedis","Incertae_Sedis_X","Zoopagales","Zoopagales_X","Zoopagales_X_X","Zoopagales_X_X_X"
"ASV_956","Fungi","Incertae_Sedis","Incertae_Sedis_X","Zoopagales","Zoopagales_X","Zoopagales_X_X","uncultured_Eimeriidae"
"ASV_608","Fungi","Ascomycota","Sordariomycetes","Sordariomycetes_X","Sordariomycetes_X_X","Sordariomycetes_X_X_X","Sordariomycetes_X_X_X_X"
"ASV_826","Fungi","Ascomycota","Sordariomycetes","Microascales","Microascales_X","Microascales_X_X","Microascales_X_X_X"
"ASV_787","Fungi","Ascomycota","Sordariomycetes","Diaporthales","Valsaceae","Diaporthe","Phomopsis_sp._SC1104"
"ASV_912","Fungi","Ascomycota","Taphrinomycetes","Taphrinales","Protomycetaceae","Protomyces","uncultured_marine_eukaryote"
"ASV_882","Fungi","Incertae_Sedis","Incertae_Sedis_X","Zoopagales","Zoopagales_X","Zoopagales_X_X","uncultured_Eimeriidae"
"ASV_894","Fungi","Incertae_Sedis","Incertae_Sedis_X","Zoopagales","Zoopagales_X","Zoopagales_X_X","uncultured_Eimeriidae"
"ASV_695","Fungi","Chytridiomycota","Chytridiomycetes","Chytridiales","Chytridiales_X","Chytridiales_X_X","Chytridiales_X_X_X"
"ASV_510","Fungi","Ascomycota","Sordariomycetes","Incertae_Sedis","Annulatascaceae","Annulatascaceae_X","Annulatascaceae_X_X"
"ASV_887","Fungi","Ascomycota","Dothideomycetes","Dothideomycetes_X","Dothideomycetes_X_X","Dothideomycetes_X_X_X","Dothideomycetes_X_X_X_X"
"ASV_872","Fungi","Ascomycota","Ascomycota_X","Ascomycota_X_X","Ascomycota_X_X_X","Ascomycota_X_X_X_X","Ascomycota_X_X_X_X_X"
"ASV_704","Fungi","Basidiomycota","Microbotryomycetes","Microbotryomycetes_X","Microbotryomycetes_X_X","Microbotryomycetes_X_X_X","Microbotryomycetes_X_X_X_X"
"ASV_892","Fungi","Basidiomycota","Tremellomycetes","Tremellales","Tremellales_X","Tremellales_X_X","Tremellales_X_X_X"
"ASV_766","Fungi","Fungi_X","Fungi_X_X","Fungi_X_X_X","Fungi_X_X_X_X","Fungi_X_X_X_X_X","Fungi_X_X_X_X_X_X"
"ASV_642","Fungi","Incertae_Sedis","Incertae_Sedis","Endogonales","Endogonales_X","Endogonales_X_X","Endogonales_X_X_X"
"ASV_822","Fungi","Basidiomycota","Agaricomycetes","Agaricomycetes_X","Agaricomycetes_X_X","Agaricomycetes_X_X_X","Agaricomycetes_X_X_X_X"
"ASV_772","Fungi","Basidiomycota","Agaricomycetes","Agaricomycetes_X","Agaricomycetes_X_X","Agaricomycetes_X_X_X","Agaricomycetes_X_X_X_X"
"ASV_744","Fungi","Basidiomycota","Tremellomycetes","Tremellales","Tremellales_X","Tremellales_X_X","Tremellales_X_X_X"
"ASV_885","Fungi","Basidiomycota","Agaricomycetes","Agaricales","Agaricales_X","Agaricales_X_X","Agaricales_X_X_X"
"ASV_819","Fungi","Fungi_X","Fungi_X_X","Fungi_X_X_X","Fungi_X_X_X_X","Fungi_X_X_X_X_X","Fungi_X_X_X_X_X_X"
"ASV_775","Fungi","Fungi_X","Fungi_X_X","Fungi_X_X_X","Fungi_X_X_X_X","Fungi_X_X_X_X_X","Fungi_X_X_X_X_X_X"
"ASV_878","Fungi","Ascomycota","Dothideomycetes","Capnodiales","Capnodiales_X","Capnodiales_X_X","Capnodiales_X_X_X"
"ASV_662","Fungi","Ascomycota","Sordariomycetes","Sordariomycetes_X","Sordariomycetes_X_X","Sordariomycetes_X_X_X","Sordariomycetes_X_X_X_X"
"ASV_789","Fungi","Ascomycota","Ascomycota_X","Ascomycota_X_X","Ascomycota_X_X_X","Ascomycota_X_X_X_X","uncultured_fungus"
"ASV_850","Fungi","Incertae_Sedis","Incertae_Sedis_X","Zoopagales","Zoopagales_X","Zoopagales_X_X","Zoopagales_X_X_X"
"ASV_924","Fungi","Ascomycota","Incertae_Sedis","Incertae_Sedis","Incertae_Sedis","Ochroconis","Ochroconis_olivacea"
"ASV_879","Fungi","Ascomycota","Dothideomycetes","Dothideomycetes_X","Dothideomycetes_X_X","Dothideomycetes_X_X_X","uncultured_eukaryote"
"ASV_888","Fungi","Incertae_Sedis","Incertae_Sedis","Endogonales","Endogonales_X","Endogonales_X_X","Endogonales_X_X_X"
"ASV_794","Fungi","Fungi_X","Fungi_X_X","Fungi_X_X_X","Fungi_X_X_X_X","Fungi_X_X_X_X_X","Fungi_X_X_X_X_X_X"
"ASV_908","Fungi","Ascomycota","Sordariomycetes","Sordariomycetes_X","Sordariomycetes_X_X","Sordariomycetes_X_X_X","Sordariomycetes_X_X_X_X"
"ASV_952","Fungi","Incertae_Sedis","Incertae_Sedis_X","Zoopagales","Zoopagales_X","Zoopagales_X_X","uncultured_Eimeriidae"
"ASV_959","Fungi","Incertae_Sedis","Incertae_Sedis","Kickxellales","Kickxellaceae","Spiromyces","Spiromyces_aspiralis"
"ASV_814","Fungi","Ascomycota","Dothideomycetes","Pleosporales","Pleosporales_X","Pleosporales_X_X","Pleosporales_X_X_X"
